"id","first_name","last_name","x","y","user_id"
3,Mélissandre,Scudders,0.0,0.0,143
4,Yú,Belshaw,0.0,0.0,144
5,Faîtes,Turnbull,0.0,0.0,145
6,Åsa,Feaveer,0.0,0.0,146
7,Alizée,Haglinton,0.0,0.0,147
8,Clémence,Botger,0.0,0.0,148
9,Annotés,Aleshkov,0.0,0.0,149
10,Michèle,Wetheril,0.0,0.0,150
11,Mahélie,Koschke,0.0,0.0,151
12,Régine,Koba,0.0,0.0,152
13,Garçon,Beacroft,0.0,0.0,153
14,Adélie,Dyne,0.0,0.0,154
15,Françoise,O'Devey,0.0,0.0,155
16,Josée,Yeats,0.0,0.0,156
17,Françoise,Bristowe,0.0,0.0,157
18,Agnès,Goldie,0.0,0.0,158
19,Régine,Corn,0.0,0.0,159
20,Örjan,Tschiersch,0.0,0.0,160
21,Rébecca,McGrayle,0.0,0.0,161
22,Loïs,Crayton,0.0,0.0,162
23,Pål,Barclay,0.0,0.0,163
24,Agnès,World,0.0,0.0,164
25,Séverine,Woodhall,0.0,0.0,165
26,Réjane,Camerana,0.0,0.0,166
27,Sélène,Dicke,0.0,0.0,167
28,Styrbjörn,Djurdjevic,0.0,0.0,168
29,Laurène,Newband,0.0,0.0,169
30,Gérald,Vasilic,0.0,0.0,170
31,Athéna,Setterthwait,0.0,0.0,171
32,Ráo,Roubeix,0.0,0.0,172
33,Josée,McGenis,0.0,0.0,173
34,Marie-josée,Shiels,0.0,0.0,174
35,Liè,Ibbitson,0.0,0.0,175
36,Célia,Gritten,0.0,0.0,176
37,Lauréna,Pavlovsky,0.0,0.0,177
38,Béatrice,Bernaldo,0.0,0.0,178
39,Kévina,Featherstonhaugh,0.0,0.0,179
40,Maëly,Seaman,0.0,0.0,180
41,Publicité,Lanning,0.0,0.0,181
42,Pélagie,Imore,0.0,0.0,182
43,Vénus,Conningham,0.0,0.0,183
44,Dà,Pattlel,0.0,0.0,184
45,Céline,Crinkley,0.0,0.0,185
46,Maïwenn,Klemt,0.0,0.0,186
47,Maëline,Moring,0.0,0.0,187
48,Stéphanie,Mowatt,0.0,0.0,188
49,Laurélie,Stansby,0.0,0.0,189
50,Erwéi,Greensall,0.0,0.0,190
51,Andréa,Wulfinger,0.0,0.0,191
52,Intéressant,White,0.0,0.0,192
53,Estève,Battaille,0.0,0.0,193
54,Irène,Grenfell,0.0,0.0,194
55,Méghane,Brannan,0.0,0.0,195
56,Garçon,Fearnyough,0.0,0.0,196
57,Lyséa,Renvoys,0.0,0.0,197
58,Adélie,Delmage,0.0,0.0,198
59,Léandre,Adamovsky,0.0,0.0,199
60,Léone,Smallwood,0.0,0.0,200
61,Kuí,Alpe,0.0,0.0,201
62,Pélagie,Goodwins,0.0,0.0,202
63,Cunégonde,Beddoes,0.0,0.0,203
64,Mélodie,Garces,0.0,0.0,204
65,Publicité,Garstang,0.0,0.0,205
66,Séverine,Minister,0.0,0.0,206
67,Lauréna,Ayton,0.0,0.0,207
68,Naéva,Petley,0.0,0.0,208
69,Cécilia,Fussie,0.0,0.0,209
70,Gaïa,Melonby,0.0,0.0,210
71,Faîtes,Han,0.0,0.0,211
72,Wá,Whenman,0.0,0.0,212
73,Vénus,Maitland,0.0,0.0,213
74,Rébecca,Bafford,0.0,0.0,214
75,Personnalisée,Mannock,0.0,0.0,215
76,Judicaël,Taberner,0.0,0.0,216
77,Marie-noël,Paolazzi,0.0,0.0,217
78,Marlène,Belchamp,0.0,0.0,218
79,Lucrèce,Bisgrove,0.0,0.0,219
80,Bénédicte,Habert,0.0,0.0,220
81,Örjan,Koppelmann,0.0,0.0,221
82,Dà,Geary,0.0,0.0,222
83,Clémentine,Lavies,0.0,0.0,223
84,Maëlyss,Walkley,0.0,0.0,224
85,Börje,Kliemchen,0.0,0.0,225
86,Adèle,Frogley,0.0,0.0,226
87,Illustrée,Ancliff,0.0,0.0,227
88,Léana,Taudevin,0.0,0.0,228
89,Liè,Maffi,0.0,0.0,229
90,Lucrèce,Spurrior,0.0,0.0,230
91,Nadège,McNeice,0.0,0.0,231
92,Michèle,Ceely,0.0,0.0,232
93,Håkan,Peltzer,0.0,0.0,233
94,Lén,Marklew,0.0,0.0,234
95,Clélia,Championnet,0.0,0.0,235
96,Marlène,Rotham,0.0,0.0,236
97,Marlène,Tearney,0.0,0.0,237
98,Bérangère,Ludlam,0.0,0.0,238
99,Eléa,Goddert.sf,0.0,0.0,239
100,Yáo,Roloff,0.0,0.0,240
101,Angèle,Maciaszek,0.0,0.0,241
102,Maëlle,Lidgley,0.0,0.0,242
103,Intéressant,Dmitriev,0.0,0.0,243
104,Cécilia,McMennum,0.0,0.0,244
105,Táng,Wortt,0.0,0.0,245
106,Félicie,Dory,0.0,0.0,246
107,Marie-noël,Zanussii,0.0,0.0,247
108,Bénédicte,Townend,0.0,0.0,248
109,Mélanie,Kosiada,0.0,0.0,249
110,Nadège,Szachniewicz,0.0,0.0,250
111,Lài,Stirtle,0.0,0.0,251
112,Märta,Kirkebye,0.0,0.0,252
113,Valérie,Philpot,0.0,0.0,253
114,Mén,Boller,0.0,0.0,254
115,Eléa,Blight,0.0,0.0,255
116,Mélina,Calvard,0.0,0.0,256
117,Yáo,Le Gassick,0.0,0.0,257
118,Maëline,Wadeling,0.0,0.0,258
119,Björn,Banaszewski,0.0,0.0,259
120,Pål,Zincke,0.0,0.0,260
121,Mårten,Rosenqvist,0.0,0.0,261
122,Rachèle,Ind,0.0,0.0,262
123,Clélia,Wanne,0.0,0.0,263
124,Loïs,Uttridge,0.0,0.0,264
125,Médiamass,Hammerton,0.0,0.0,265
126,Yè,Leddie,0.0,0.0,266
127,Amélie,Grzelczyk,0.0,0.0,267
128,Hélène,Dewes,0.0,0.0,268
129,Réservés,Lethbridge,0.0,0.0,269
130,Märta,Prantl,0.0,0.0,270
131,Lén,Lillee,0.0,0.0,271
132,Crééz,Leddy,0.0,0.0,272
133,Thérèse,Simond,0.0,0.0,273
134,Pélagie,Clute,0.0,0.0,274
135,Maï,Fuke,0.0,0.0,275
136,Östen,Forman,0.0,0.0,276
137,Åslög,Loy,0.0,0.0,277
138,Ruì,Chieco,0.0,0.0,278
139,Félicie,Prestedge,0.0,0.0,279
140,Yénora,Ketcher,0.0,0.0,280
141,Mahélie,MacScherie,0.0,0.0,281
142,Gérald,Dowdall,0.0,0.0,282
143,Ophélie,Yukhnin,0.0,0.0,283
144,Maëlyss,Finden,0.0,0.0,284
145,Mà,Romagosa,0.0,0.0,285
146,Léone,Davydychev,0.0,0.0,286
147,Loïc,Koubu,0.0,0.0,287
148,Océanne,Haddrill,0.0,0.0,288
149,Bénédicte,Wallsworth,0.0,0.0,289
150,Cléa,Cleugher,0.0,0.0,290
151,Pò,Falconer,0.0,0.0,291
152,Rébecca,Espin,0.0,0.0,292
153,Maïté,Kix,0.0,0.0,293
154,Zhì,Levins,0.0,0.0,294
155,Maëlle,Strethill,0.0,0.0,295
156,Aurélie,Truggian,0.0,0.0,296
157,Yú,Northcliffe,0.0,0.0,297
158,Bénédicte,Warret,0.0,0.0,298
159,Méng,Quelch,0.0,0.0,299
160,Tú,Baggiani,0.0,0.0,300
161,Noëlla,Covely,0.0,0.0,301
162,Marie-françoise,Sellman,0.0,0.0,302
163,Gérald,Warton,0.0,0.0,303
164,Thérèse,Brumfitt,0.0,0.0,304
165,Gaétane,Dearth,0.0,0.0,305
166,Dà,Rowson,0.0,0.0,306
167,Lài,Billyeald,0.0,0.0,307
168,Marylène,Faircloth,0.0,0.0,308
169,Börje,Vockins,0.0,0.0,309
170,Lyséa,Tunn,0.0,0.0,310
171,Renée,Verzey,0.0,0.0,311
172,Mén,Donnachie,0.0,0.0,312
173,Célia,Tibbits,0.0,0.0,313
174,Eugénie,Bertomieu,0.0,0.0,314
175,Åslög,Acutt,0.0,0.0,315
176,Marie-hélène,Dunguy,0.0,0.0,316
177,Görel,Menilove,0.0,0.0,317
178,Maëline,Ingarfill,0.0,0.0,318
179,Åke,Rame,0.0,0.0,319
180,Kuí,Bradbrook,0.0,0.0,320
181,Mylène,Rohlfs,0.0,0.0,321
182,Mélina,Hover,0.0,0.0,322
183,Rébecca,Spellissy,0.0,0.0,323
184,Maëlyss,Studart,0.0,0.0,324
185,Angélique,Shilstone,0.0,0.0,325
186,Annotée,Leyden,0.0,0.0,326
187,Angélique,Defond,0.0,0.0,327
188,Esbjörn,Fawcus,0.0,0.0,328
189,Börje,Goodram,0.0,0.0,329
190,Maïly,O'Lunney,0.0,0.0,330
191,Ophélie,Szimon,0.0,0.0,331
192,Béatrice,Pafford,0.0,0.0,332
193,Andrée,Castellet,0.0,0.0,333
194,Pélagie,Vonasek,0.0,0.0,334
195,Pélagie,Hastelow,0.0,0.0,335
196,Gaëlle,Vigus,0.0,0.0,336
197,Solène,Neylan,0.0,0.0,337
198,Noëlla,Lardez,0.0,0.0,338
199,Publicité,Sanbrooke,0.0,0.0,339
200,Méghane,Miguet,0.0,0.0,340
201,Loïs,Bauldrey,0.0,0.0,341
202,Frédérique,Anselm,0.0,0.0,342
203,Åke,Lynch,0.0,0.0,343
204,Marie-thérèse,Bygrave,0.0,0.0,344
205,Lài,Mascall,0.0,0.0,345
206,Camélia,McCraw,0.0,0.0,346
207,Hélèna,Keedwell,0.0,0.0,347
208,Irène,Grisbrook,0.0,0.0,348
209,Célestine,Stoppard,0.0,0.0,349
210,Maïté,Coey,0.0,0.0,350
211,Mà,Searchwell,0.0,0.0,351
212,Kévina,Rampley,0.0,0.0,352
213,Bérengère,Oatley,0.0,0.0,353
214,Laurélie,Steabler,0.0,0.0,354
215,Cunégonde,Meron,0.0,0.0,355
216,Pénélope,Poor,0.0,0.0,356
217,Céline,Murford,0.0,0.0,357
218,Bérangère,Tuckerman,0.0,0.0,358
219,Lorène,Tranter,0.0,0.0,359
220,Lucrèce,Storrier,0.0,0.0,360
221,Renée,Rysom,0.0,0.0,361
222,Célia,Tolan,0.0,0.0,362
223,Maëlyss,Hendrikse,0.0,0.0,363
224,Ráo,Chidzoy,0.0,0.0,364
225,Eloïse,Longfellow,0.0,0.0,365
226,Mà,Gillivrie,0.0,0.0,366
227,Aí,Mordon,0.0,0.0,367
228,Eliès,Anmore,0.0,0.0,368
229,Lèi,Sherwill,0.0,0.0,369
230,Esbjörn,Semeniuk,0.0,0.0,370
231,Léonore,Durbyn,0.0,0.0,371
232,Annotés,Preto,0.0,0.0,372
233,Lauréna,Althorpe,0.0,0.0,373
234,Tán,Sloam,0.0,0.0,374
235,Félicie,Trevan,0.0,0.0,375
236,Maéna,Ffoulkes,0.0,0.0,376
237,Gaétane,Ellins,0.0,0.0,377
238,Annotés,Mallabar,0.0,0.0,378
239,Inès,Jandel,0.0,0.0,379
240,Gaétane,Goucher,0.0,0.0,380
241,Östen,Lorne,0.0,0.0,381
242,Séverine,Byford,0.0,0.0,382
243,Eugénie,Folan,0.0,0.0,383
244,Marylène,Pope,0.0,0.0,384
245,Maëlla,Hudless,0.0,0.0,385
246,Annotée,Fearnside,0.0,0.0,386
247,Uò,Leeming,0.0,0.0,387
248,Maïly,Tathacott,0.0,0.0,388
249,Stévina,Cassel,0.0,0.0,389
250,Örjan,Womack,0.0,0.0,390
251,Cléopatre,Ragot,0.0,0.0,391
252,Lén,Biaggi,0.0,0.0,392
253,Mélia,Joseff,0.0,0.0,393
254,Faîtes,Gebuhr,0.0,0.0,394
255,Mårten,Bramont,0.0,0.0,395
256,Cécilia,Spacy,0.0,0.0,396
257,Mélys,Hatherley,0.0,0.0,397
258,Yè,Boynes,0.0,0.0,398
259,Laurène,Mason,0.0,0.0,399
260,Méthode,Kingsland,0.0,0.0,400
261,Lén,Lavender,0.0,0.0,401
262,Mélinda,Mulderrig,0.0,0.0,402
263,Miléna,Hucklesby,0.0,0.0,403
264,Aí,Earney,0.0,0.0,404
265,Bérénice,Snelgar,0.0,0.0,405
266,Mahélie,Povlsen,0.0,0.0,406
267,Göran,Scatcher,0.0,0.0,407
268,Inès,Titt,0.0,0.0,408
269,Andréa,Cettell,0.0,0.0,409
270,Adélaïde,Desseine,0.0,0.0,410
271,Béatrice,Hellens,0.0,0.0,411
272,Méryl,Grunguer,0.0,0.0,412
273,Dafnée,Yakolev,0.0,0.0,413
274,Mélys,Sorton,0.0,0.0,414
275,Lucrèce,De Francisci,0.0,0.0,415
276,Maëlann,Asker,0.0,0.0,416
277,Almérinda,Myring,0.0,0.0,417
278,Léa,MacKee,0.0,0.0,418
279,Andréanne,Briance,0.0,0.0,419
280,Andréa,Poor,0.0,0.0,420
281,Josée,Cutteridge,0.0,0.0,421
282,Anaïs,Oldknow,0.0,0.0,422
283,Gaëlle,Milburne,0.0,0.0,423
284,Kévina,Ringwood,0.0,0.0,424
285,Aurélie,Digwood,0.0,0.0,425
286,Rachèle,Gaythor,0.0,0.0,426
287,Mélia,Piechnik,0.0,0.0,427
288,Nuó,Floodgate,0.0,0.0,428
289,Bérangère,Shawdforth,0.0,0.0,429
290,Vénus,Piggrem,0.0,0.0,430
291,Camélia,Reneke,0.0,0.0,431
292,Maïté,Witsey,0.0,0.0,432
293,Mà,Stubs,0.0,0.0,433
294,Tú,Boncoeur,0.0,0.0,434
295,Eliès,Cellone,0.0,0.0,435
296,Léandre,Dedham,0.0,0.0,436
297,Camélia,Yakebovich,0.0,0.0,437
298,Märta,MacNamee,0.0,0.0,438
299,Noémie,Cheyenne,0.0,0.0,439
300,Maéna,Detheridge,0.0,0.0,440
301,Frédérique,Mocher,0.0,0.0,441
302,Dù,Soppett,0.0,0.0,442
303,Erwéi,Fitchen,0.0,0.0,443
304,Clémentine,Slight,0.0,0.0,444
305,Dà,Heaney`,0.0,0.0,445
306,Marie-josée,Dugood,0.0,0.0,446
307,Vénus,Kike,0.0,0.0,447
308,Maï,Dearell,0.0,0.0,448
309,Gösta,Huncoot,0.0,0.0,449
310,Mén,Larcher,0.0,0.0,450
311,Maëlann,Phillot,0.0,0.0,451
312,Annotés,Price,0.0,0.0,452
313,Lauréna,Dolphin,0.0,0.0,453
314,Gösta,Pimlock,0.0,0.0,454
315,Fèi,McGovern,0.0,0.0,455
316,Lorène,Ferminger,0.0,0.0,456
317,Mélina,Horsey,0.0,0.0,457
318,Adélaïde,Strathern,0.0,0.0,458
319,Pénélope,Learned,0.0,0.0,459
320,Marie-françoise,Lawerence,0.0,0.0,460
321,Léonie,Sember,0.0,0.0,461
322,Audréanne,Simon,0.0,0.0,462
323,Maëly,Atwater,0.0,0.0,463
324,Léandre,Scranney,0.0,0.0,464
325,Chloé,Foakes,0.0,0.0,465
326,Séverine,Eouzan,0.0,0.0,466
327,Thérèse,Pevie,0.0,0.0,467
328,Laurène,Mackin,0.0,0.0,468
329,Hélène,Brightey,0.0,0.0,469
330,Joséphine,Hooban,0.0,0.0,470
331,Hélène,Lamminam,0.0,0.0,471
332,Fèi,Kinman,0.0,0.0,472
333,Cécilia,Capelin,0.0,0.0,473
334,Solène,Buckner,0.0,0.0,474
335,Maéna,Mattedi,0.0,0.0,475
336,Yáo,Vasilkov,0.0,0.0,476
337,Léane,Wolfindale,0.0,0.0,477
338,Åsa,Ducker,0.0,0.0,478
339,Stéphanie,Orae,0.0,0.0,479
340,Marie-ève,Rieflin,0.0,0.0,480
341,Yénora,Pleasance,0.0,0.0,481
342,Ophélie,Blomefield,0.0,0.0,482
343,Eléa,Pranger,0.0,0.0,483
344,Méryl,Baxstair,0.0,0.0,484
345,Maëlyss,Levy,0.0,0.0,485
346,Maëlys,Hurl,0.0,0.0,486
347,Léana,Bromehead,0.0,0.0,487
348,Frédérique,Chiene,0.0,0.0,488
349,Gisèle,Burgis,0.0,0.0,489
350,Maëlyss,Prevett,0.0,0.0,490
351,Océane,Tokley,0.0,0.0,491
352,Simplifiés,Troak,0.0,0.0,492
353,Åke,Bartolijn,0.0,0.0,493
354,Börje,Armal,0.0,0.0,494
355,Cléopatre,Wisham,0.0,0.0,495
356,Mélissandre,Chalkly,0.0,0.0,496
357,Garçon,Riccio,0.0,0.0,497
358,Cléa,Goodspeed,0.0,0.0,498
359,Mélina,Cargill,0.0,0.0,499
360,Gérald,Zute,0.0,0.0,500
361,Adèle,Kubach,0.0,0.0,501
362,Cécilia,Fincher,0.0,0.0,502
363,Dà,Hurdwell,0.0,0.0,503
364,Märta,Walburn,0.0,0.0,504
365,Clémence,Breeze,0.0,0.0,505
366,Tú,Ishaki,0.0,0.0,506
367,Cécile,Dobbinson,0.0,0.0,507
368,Estève,Larcombe,0.0,0.0,508
369,Marylène,Sneyd,0.0,0.0,509
370,Maéna,Halbard,0.0,0.0,510
371,Bérénice,Scarbarrow,0.0,0.0,511
372,Mélina,Ferran,0.0,0.0,512
373,Géraldine,Kubin,0.0,0.0,513
374,Mélinda,Scorrer,0.0,0.0,514
375,Táng,Stannett,0.0,0.0,515
376,Jú,Coulter,0.0,0.0,516
377,Estée,Hartington,0.0,0.0,517
378,Örjan,Dowglass,0.0,0.0,518
379,Béatrice,Gylle,0.0,0.0,519
380,Östen,Simeonov,0.0,0.0,520
381,Néhémie,Bestar,0.0,0.0,521
382,Agnès,Madner,0.0,0.0,522
383,Méline,Halahan,0.0,0.0,523
384,Mélodie,Sharpin,0.0,0.0,524
385,Pål,Goldie,0.0,0.0,525
386,Ráo,Snasel,0.0,0.0,526
387,Sòng,Jankin,0.0,0.0,527
388,Mylène,Pargiter,0.0,0.0,528
389,Bénédicte,McCorkell,0.0,0.0,529
390,Angélique,Force,0.0,0.0,530
391,Pénélope,Wallwood,0.0,0.0,531
392,Nuó,Baunton,0.0,0.0,532
393,Lèi,Pikhno,0.0,0.0,533
394,Faîtes,Esley,0.0,0.0,534
395,Méthode,Havis,0.0,0.0,535
396,Valérie,Frackiewicz,0.0,0.0,536
397,Torbjörn,Tayler,0.0,0.0,537
398,Hélène,Mutch,0.0,0.0,538
399,Léonie,Beckwith,0.0,0.0,539
400,Laurène,Belliard,0.0,0.0,540
401,Bénédicte,Dy,0.0,0.0,541
402,Östen,Belvin,0.0,0.0,542
403,Hélène,Kinkade,0.0,0.0,543
404,Méthode,Jennery,0.0,0.0,544
405,Célestine,Womersley,0.0,0.0,545
406,Dù,Jakoub,0.0,0.0,546
407,Pélagie,Thirlwell,0.0,0.0,547
408,Maëlle,Lates,0.0,0.0,548
409,Miléna,Feckey,0.0,0.0,549
410,Salomé,Littlejohn,0.0,0.0,550
411,Thérèse,Coskerry,0.0,0.0,551
412,Mélinda,Leipelt,0.0,0.0,552
413,Andréa,Tungay,0.0,0.0,553
414,Andrée,Stoll,0.0,0.0,554
415,Dà,Brisset,0.0,0.0,555
416,Marie-thérèse,Serrurier,0.0,0.0,556
417,Maï,Smallridge,0.0,0.0,557
418,Léana,Petrollo,0.0,0.0,558
419,Mélina,Andriveaux,0.0,0.0,559
420,Måns,Bernlin,0.0,0.0,560
421,Rachèle,Goodin,0.0,0.0,561
422,Ruì,Kitchenham,0.0,0.0,562
423,Léane,Shetliff,0.0,0.0,563
424,Léandre,Tancock,0.0,0.0,564
425,Mélia,Wenham,0.0,0.0,565
426,Hélèna,Sempill,0.0,0.0,566
427,Styrbjörn,Hawkings,0.0,0.0,567
428,Mélinda,Toxell,0.0,0.0,568
429,Clélia,Innwood,0.0,0.0,569
430,Åsa,Ousbie,0.0,0.0,570
431,Ophélie,Croydon,0.0,0.0,571
432,Séverine,Gercke,0.0,0.0,572
433,Nuó,Johnston,0.0,0.0,573
434,Sòng,Dobbing,0.0,0.0,574
435,Danièle,Sowman,0.0,0.0,575
436,Mén,Sewill,0.0,0.0,576
437,Noémie,Hexter,0.0,0.0,577
438,Inès,Occleshaw,0.0,0.0,578
439,Inès,Janku,0.0,0.0,579
440,Géraldine,Northway,0.0,0.0,580
441,Anaël,Langwade,0.0,0.0,581
442,Eléa,Grenville,0.0,0.0,582
443,Lèi,Rhys,0.0,0.0,583
444,Vénus,McFaul,0.0,0.0,584
445,Gaétane,Letchmore,0.0,0.0,585
446,Anaël,Doylend,0.0,0.0,586
447,Régine,Willcock,0.0,0.0,587
448,Cléa,Moulton,0.0,0.0,588
449,Géraldine,Tiernan,0.0,0.0,589
450,Åke,Yelding,0.0,0.0,590
451,Göran,Heffy,0.0,0.0,591
452,Laurène,Cater,0.0,0.0,592
453,Kuí,Somerville,0.0,0.0,593
454,Léane,Maidment,0.0,0.0,594
455,Laïla,Pinard,0.0,0.0,595
456,Maëline,Eickhoff,0.0,0.0,596
457,Dù,Lusk,0.0,0.0,597
458,Céline,Sadgrove,0.0,0.0,598
459,Agnès,Bulle,0.0,0.0,599
460,Lucrèce,Yanshinov,0.0,0.0,600
461,Loïc,Lorincz,0.0,0.0,601
462,Kù,O'Dooghaine,0.0,0.0,602
463,Mélys,Azam,0.0,0.0,603
464,Kallisté,Cowx,0.0,0.0,604
465,Clémence,Wickliffe,0.0,0.0,605
466,Annotés,Langmead,0.0,0.0,606
467,Ruì,Dulson,0.0,0.0,607
468,Personnalisée,Mattisssen,0.0,0.0,608
469,Magdalène,Bentame,0.0,0.0,609
470,Stéphanie,Connachan,0.0,0.0,610
471,Garçon,Redmond,0.0,0.0,611
472,Styrbjörn,Polamontayne,0.0,0.0,612
473,Léandre,Yurchishin,0.0,0.0,613
474,Adèle,Meacher,0.0,0.0,614
475,Gaëlle,Howsego,0.0,0.0,615
476,Clélia,Auchterlonie,0.0,0.0,616
477,Björn,Swainson,0.0,0.0,617
478,Anaëlle,Matchitt,0.0,0.0,618
479,Audréanne,Morfey,0.0,0.0,619
480,Geneviève,Flagg,0.0,0.0,620
481,Méthode,Kinzel,0.0,0.0,621
482,Gaïa,Bartol,0.0,0.0,622
483,Gérald,Banks,0.0,0.0,623
484,Örjan,Ducarne,0.0,0.0,624
485,Athéna,Rabl,0.0,0.0,625
486,Anaïs,Clack,0.0,0.0,626
487,Mélina,Trippitt,0.0,0.0,627
488,Lyséa,Rainbow,0.0,0.0,628
489,Estée,Reihm,0.0,0.0,629
490,Loïca,Ryson,0.0,0.0,630
491,Styrbjörn,Finlay,0.0,0.0,631
492,Naéva,Spilsbury,0.0,0.0,632
493,Kuí,Caudrelier,0.0,0.0,633
494,Kallisté,Lonsbrough,0.0,0.0,634
495,Céline,Cherryman,0.0,0.0,635
496,Léane,Dewhirst,0.0,0.0,636
497,Zhì,Constance,0.0,0.0,637
498,Michèle,Carvil,0.0,0.0,638
499,Mélodie,Blowfelde,0.0,0.0,639
500,Gisèle,Manhare,0.0,0.0,640
501,Lóng,Handscombe,0.0,0.0,641
502,Intéressant,Boddy,0.0,0.0,642
