"id","first_name","last_name","user_id"
1,Guss,Eldredge,643
2,Bonita,Spurryer,644
3,Moise,Whightman,645
4,Anderea,Rothera,646
5,Elise,Griffith,647
6,Pooh,Celler,648
7,Gibby,Tedstone,649
8,Andras,Van Der Weedenburg,650
9,Mallory,Roland,651
10,Jaclin,Croley,652
11,Marrissa,Steanson,653
12,Redd,Ick,654
13,Juanita,Phillpot,655
14,Carie,Hunting,656
15,Olympe,Fahrenbach,657
16,Appolonia,Rosborough,658
17,Konstantine,Rawsthorne,659
18,Ahmad,Velten,660
19,Rafferty,Calderbank,661
20,Marylee,Gurr,662
21,Durant,Wybourne,663
22,Marlon,Bednell,664
23,Harmony,Tatum,665
24,Waylan,Houselee,666
25,Nola,Kubecka,667
26,Fidelity,Callingham,668
27,Lyda,Jellett,669
28,Ernestine,Karolyi,670
29,Cinderella,Daintier,671
30,Tye,Palk,672
31,Gregoire,McKerrow,673
32,Tobi,Healeas,674
33,La verne,Whitmore,675
34,Farrah,MacBain,676
35,Harbert,Jezard,677
36,Vere,McLugaish,678
37,Zora,Dummer,679
38,Kissiah,Margett,680
39,Junette,Garham,681
40,Kerwin,Delgadillo,682
41,Travers,Ditchfield,683
42,Austin,Boston,684
43,Scottie,Ricciardo,685
44,Hatti,Skeels,686
45,Katalin,Biagini,687
46,Phil,Entwisle,688
47,Eugenia,Klemensiewicz,689
48,Marie-ann,Polly,690
49,Frederik,Meaton,691
50,Hedvige,Spofforth,692
51,Maisey,Huzzay,693
52,Emeline,Monketon,694
53,Winslow,Bourdice,695
54,Gerald,Whysall,696
55,Colan,Looker,697
56,Yoko,Ajean,698
57,Thekla,Elbourne,699
58,Noland,Haggarty,700
59,Delly,Stockin,701
60,Beilul,Tetsall,702
61,Fabien,Wyse,703
62,Rosemary,Weblin,704
63,Sofie,Bidewel,705
64,Ardys,O'Grogane,706
65,Chaddie,Mewis,707
66,Jerrie,Fronks,708
67,Allyn,Soughton,709
68,Dianne,Pilling,710
69,Siana,Escott,711
70,Rossy,Doni,712
71,Pierce,Vern,713
72,Gus,Beecham,714
73,Doy,Jenney,715
74,Lanie,Isac,716
75,Effie,Godsell,717
76,Goldie,Harrell,718
77,Velma,Hearsey,719
78,Cleve,Yakov,720
79,Buckie,Marcone,721
80,Kaiser,Yelding,722
81,Emory,Ubanks,723
82,Caitrin,Beardmore,724
83,Demetrius,Zollner,725
84,Susanna,MacKonochie,726
85,Saraann,Weir,727
86,Carmela,Bernhardi,728
87,Veradis,Echallier,729
88,Elaina,Matei,730
89,Mari,MacQuist,731
90,Gaby,Joust,732
91,Alyse,Kroll,733
92,Giavani,Loxley,734
93,Shaylynn,Conneely,735
94,Orella,Bell,736
95,Elspeth,Coultar,737
96,Si,Avis,738
97,Niall,Ortzen,739
98,Mic,Ditter,740
99,Kienan,Merrick,741
100,Eloisa,Sommerly,742
101,Jourdan,Esmond,743
102,Tommi,Brokenbrow,744
103,Dwight,Kleinhausen,745
104,Roxanna,Collaton,746
105,Huntington,Betjes,747
106,Lock,Ashwood,748
107,Bartholemy,Warre,749
108,Olympia,Follin,750
109,Page,Eaddy,751
110,Laurence,Halston,752
111,Eberhard,McRavey,753
112,Licha,Carnier,754
113,Constancy,Boulds,755
114,Reinwald,Sowthcote,756
115,Alejoa,Larret,757
116,Ahmed,Lewcock,758
117,Mehetabel,Pabel,759
118,Friedrich,Keddle,760
119,Germayne,Ripley,761
120,Steffie,Jeppe,762
121,Emeline,Dowbekin,763
122,Letisha,Boschmann,764
123,Sanderson,Braniff,765
124,Adria,Kingcote,766
125,Ike,Woolger,767
126,Abey,Brugh,768
127,Lenore,Drains,769
128,Reagen,Jozefiak,770
129,Den,Slimings,771
130,Munroe,Baiss,772
131,Kin,Dreinan,773
132,Branden,Ghione,774
133,Kennan,Prangle,775
134,Kaela,Ties,776
135,Derrik,Burel,777
136,Stephan,Dickinson,778
137,Davita,Jozefiak,779
138,Claribel,Wyllis,780
139,Edgardo,McAllen,781
140,Leland,Corballis,782
141,Alikee,Kelbie,783
142,Michaelina,Lantaph,784
143,Thorin,Zettler,785
144,Kiley,Quye,786
145,Forster,Earlam,787
146,Alexei,Konig,788
147,Bale,Grove,789
148,Dennison,Tiddy,790
149,Rakel,Magner,791
150,Verine,Smewing,792
151,Ewell,Rudeforth,793
152,Winona,Minogue,794
153,Ettie,Sinney,795
154,Franny,Beasley,796
155,Ken,Jupe,797
156,Barbara-anne,McColl,798
157,Karol,Gannicleff,799
158,Maitilde,Darbon,800
159,Sherlocke,Pilmore,801
160,Claudina,MacQuist,802
161,Val,Sindall,803
162,Aldwin,Marsh,804
163,Hall,Mapham,805
164,Shannen,Saiz,806
165,Luisa,Aizkovitch,807
166,Richie,Kiff,808
167,Farleigh,Koppes,809
168,Lyn,Wibrow,810
169,Felix,Barnhart,811
170,Innis,Robottom,812
171,Laurens,Extance,813
172,Terry,Halliday,814
173,Maybelle,Chaplain,815
174,Kikelia,Rothschild,816
175,Cordula,Dallicott,817
176,Lilli,Staves,818
177,Edee,Wolstenholme,819
178,Krystyna,Torr,820
179,Meryl,Vasilchikov,821
180,Stirling,Hubber,822
181,Kenneth,Philbrick,823
182,Kara,Huckfield,824
183,Madelena,Hodgin,825
184,Travers,Siviter,826
185,Dolley,Snowman,827
186,Novelia,Surr,828
187,Arlyn,Dukelow,829
188,Sybyl,Dolman,830
189,Luz,Craske,831
190,Franciska,Slucock,832
191,Cherrita,Couttes,833
192,Kirbie,Stealey,834
193,Welbie,Reck,835
194,Joleen,Jurasek,836
195,Saree,Hardman,837
196,Giacopo,Oades,838
197,Gail,Kuhnel,839
198,Alicea,Calbrathe,840
199,Luella,Evens,841
200,Felice,Crebbin,842
201,Nathaniel,Covet,843
202,Willie,Guyers,844
203,Standford,Cossins,845
204,Kaspar,Duckinfield,846
205,Ev,Sapp,847
206,Rafaelita,Bedells,848
207,Lucian,Hattigan,849
208,Gilberto,July,850
209,Biron,Pitman,851
210,Walsh,Follows,852
211,Sunshine,Keigher,853
212,Amity,Harrisson,854
213,Valencia,Llop,855
214,Fernanda,Gerhts,856
215,Wright,Goudard,857
216,Dreddy,Ferie,858
217,Deina,McNellis,859
218,Belle,Yanne,860
219,Hilary,Lipson,861
220,Kippy,Whaley,862
221,Jobina,Leavey,863
222,Marcus,Gellately,864
223,Irvin,Glassup,865
224,Octavius,McGray,866
225,Vania,Kilner,867
226,Allin,McPeake,868
227,Decca,Paty,869
228,Timi,Rooney,870
229,Nolana,Radbourn,871
230,Cassandra,Limb,872
231,Dalia,Dodman,873
232,Carey,Swaton,874
233,Edythe,Assiter,875
234,Ardine,Muffett,876
235,Angela,de Clerk,877
236,Nelie,Wathall,878
237,Missie,Chiswell,879
238,Ashlie,Warder,880
239,Stephan,Winspare,881
240,Verney,Aldwich,882
241,Layton,Petrovsky,883
242,Saloma,Dumke,884
243,Bennie,Wychard,885
244,Elmer,Ruggles,886
245,Mersey,Fishbourn,887
246,Terrence,Dugget,888
247,Patty,Dalgetty,889
248,Denney,Overil,890
249,Coral,von Nassau,891
250,Gaven,Condit,892
251,Jdavie,Cavanaugh,893
252,Ciel,Beamson,894
253,Dolores,Probets,895
254,Vernen,Pallent,896
255,Kendal,Messitt,897
256,Gabrila,Pyvis,898
257,Patrice,Eykelbosch,899
258,Herman,Levine,900
259,Georgie,Street,901
260,Donalt,Rabbatts,902
261,Dani,Semmence,903
262,Marysa,Durie,904
263,Rayner,Seviour,905
264,Anette,Coo,906
265,Desiri,Thornborrow,907
266,Diena,Grosvener,908
267,Lela,Antonomolii,909
268,Elsy,Bidder,910
269,Arlyne,Epton,911
270,Anny,Paddie,912
271,Wayne,Harpur,913
272,Ilario,Fursse,914
273,Pietrek,Cobley,915
274,Estele,Ferber,916
275,Lise,Leavold,917
276,Darelle,Beckitt,918
277,Emelia,Bullant,919
278,Curt,Lilburne,920
279,Wallie,Gernier,921
280,Staffard,Anetts,922
281,Dave,Harverson,923
282,Martie,Giordano,924
283,Jesse,Tootal,925
284,Port,Brise,926
285,Darcey,McGillacoell,927
286,Madelaine,Newbery,928
287,Tod,Timmons,929
288,Clarence,Vogl,930
289,Cris,Ricold,931
290,Tynan,Swaton,932
291,Minnie,Franies,933
292,Silvain,Lilian,934
293,Vincent,Glauber,935
294,Maude,Doel,936
295,Almeda,Rosenbarg,937
296,Dallas,Harkin,938
297,Caresse,Daly,939
298,Guillermo,Bonnefin,940
299,Loraine,Eberts,941
300,Kristin,Rape,942
301,Corbet,Cundy,943
302,Spenser,Congreve,944
303,Ernesta,Buffy,945
304,Timi,Pink,946
305,Franchot,Coupman,947
306,Nichols,Bower,948
307,Skylar,Tungay,949
308,Cinnamon,Dailly,950
309,Berke,Penchen,951
310,Lauren,Broadway,952
311,Regen,Tidy,953
312,Kellie,Innott,954
313,Artus,McAlpine,955
314,Lorne,Tixall,956
315,Biron,Jordeson,957
316,Tammara,Roseaman,958
317,Shirlee,Batchan,959
318,Rafaellle,Jalland,960
319,Nicholle,Axtonne,961
320,Harley,Seaward,962
321,Allistir,Fenn,963
322,Wye,Street,964
323,Beverlie,Knappett,965
324,Donall,Jovic,966
325,Eugenie,Bottom,967
326,Raphael,Teas,968
327,Kennie,Fewlass,969
328,Kalila,Rainsden,970
329,Bernardine,Atwill,971
330,Husain,Extal,972
331,Wilow,Coyle,973
332,Josephina,Medd,974
333,Geoff,Heffernan,975
334,Brinn,Osan,976
335,Montague,Barford,977
336,Stephana,Gelly,978
337,Dody,McCallum,979
338,Susy,Wauchope,980
339,Alric,Arling,981
340,Laney,Janosevic,982
341,Olivie,Stenett,983
342,Lidia,Iddy,984
343,Garwood,Buckell,985
344,Demetris,Cheesworth,986
345,Benedicto,Storrier,987
346,Korey,McDoual,988
347,Porter,Ginity,989
348,Davie,Hembery,990
349,Theresina,Pellant,991
350,Cassey,Beere,992
351,Amabel,Boud,993
352,Whit,Peplaw,994
353,Yuri,Boddymead,995
354,Dido,Mapples,996
355,Roger,Georgievski,997
356,Mickie,Bloomer,998
357,Rosalie,Icke,999
358,Andros,Barnwill,1000
359,Barclay,McGragh,1001
360,Robinette,Farney,1002
361,Minette,le Keux,1003
362,Madison,Tremellier,1004
363,Jobye,Everington,1005
364,Kev,Pastor,1006
365,Early,Baradel,1007
366,Teador,Diss,1008
367,Adelind,Edinborough,1009
368,Calida,Coultas,1010
369,Seline,Kloss,1011
370,Rolf,Barbera,1012
371,Kory,Willden,1013
372,Kelwin,Swaite,1014
373,Rudy,McKendry,1015
374,Lizzy,Attreed,1016
375,Thibaud,Petrowsky,1017
376,Cammy,Baudacci,1018
377,Erina,Guisby,1019
378,Edyth,Muino,1020
379,Karel,Mohan,1021
380,Agace,Corre,1022
381,Tedra,Murrum,1023
382,Lutero,Grievson,1024
383,Amery,Gonneau,1025
384,Johnette,Ausher,1026
385,Maurita,Ryles,1027
386,Zelig,De Meyer,1028
387,Catherina,Delph,1029
388,Sayres,Kean,1030
389,Nancee,Breawood,1031
390,Loise,Eldrett,1032
391,Fitz,Kiwitz,1033
392,Ardys,Croll,1034
393,Dreddy,Ughini,1035
394,Sonnie,Doust,1036
395,Yoshi,Curless,1037
396,Lorelle,Grishechkin,1038
397,Sue,Spalton,1039
398,Louisette,Dabrowski,1040
399,Shepherd,Burkin,1041
400,Kristina,Malia,1042
401,Norbert,Summerfield,1043
402,Kalina,Fillan,1044
403,Antonino,Buckie,1045
404,Brewster,Jecks,1046
405,Rachele,O'Gleasane,1047
406,Cole,Eccleshare,1048
407,Wakefield,Menego,1049
408,Rube,Cogdell,1050
409,Asia,Girkins,1051
410,Nilson,Dybbe,1052
411,Ginnifer,Balharry,1053
412,Kristo,Grass,1054
413,Maxie,Mussalli,1055
414,Alic,MacCambridge,1056
415,Baryram,Vasilik,1057
416,Eduard,McEwan,1058
417,Frasier,Elcy,1059
418,Seymour,Belsham,1060
419,Brice,Eck,1061
420,Roana,Farryan,1062
421,Laural,Whooley,1063
422,Gary,Brenard,1064
423,Helena,Willcocks,1065
424,Shane,Kivell,1066
425,Hobey,Klossmann,1067
426,Vonni,Lyven,1068
427,Currey,Wicher,1069
428,Farris,Staterfield,1070
429,Norbie,Nunan,1071
430,Elbertina,Douty,1072
431,Shayne,Fitzroy,1073
432,Luce,Gallafant,1074
433,Ronalda,Spollen,1075
434,Reinwald,Le Marchant,1076
435,Cobb,Keay,1077
436,Violet,Gribbell,1078
437,Kary,Rippingall,1079
438,Saxe,Babbidge,1080
439,Orv,Goodlud,1081
440,Klarrisa,Dreghorn,1082
441,Jules,Leckenby,1083
442,Garv,Banford,1084
443,Warde,Prosh,1085
444,Jordan,Sabben,1086
445,Sloane,Pocknell,1087
446,Edan,Pendergast,1088
447,Datha,Hairs,1089
448,Roma,Sissland,1090
449,Juanita,Ketchaside,1091
450,Reginald,Jakel,1092
451,Elena,Brackley,1093
452,Adorne,Mallion,1094
453,Dedra,Skase,1095
454,Norry,Garvill,1096
455,Jacquenetta,Scrauniage,1097
456,Orelee,Minney,1098
457,Dugald,Blackden,1099
458,Abran,Nolin,1100
459,Boonie,Kitley,1101
460,Brook,Chinn,1102
461,Aurlie,Merrigan,1103
462,Barth,Ludwell,1104
463,Ronni,Pascow,1105
464,Conrad,Morgan,1106
465,Bondon,Haulkham,1107
466,Clarke,Corness,1108
467,Zondra,Eggle,1109
468,Tiebold,Cottill,1110
469,Manny,Stuart,1111
470,Gunther,Hecks,1112
471,Katinka,Erbe,1113
472,Kenna,Rowaszkiewicz,1114
473,Merissa,Steart,1115
474,Woodman,Bier,1116
475,Tony,Renison,1117
476,Verge,Comelini,1118
477,Blanca,Roselli,1119
478,Jobey,Worsfold,1120
479,Elberta,Mc Pake,1121
480,Nickey,Spearman,1122
481,Claudio,Tallman,1123
482,Erma,Levinge,1124
483,Liam,Rubertis,1125
484,Anissa,Dmitrichenko,1126
485,Wolfy,Mossop,1127
486,Drusi,Shynn,1128
487,Sargent,Leaming,1129
488,Ninetta,Eagling,1130
489,Cate,Longmire,1131
490,Farris,Handy,1132
491,Judd,Pulhoster,1133
492,Annecorinne,Halbard,1134
493,Collin,De la Yglesias,1135
494,Norean,Wragg,1136
495,Ediva,Boraston,1137
496,Haleigh,McGlew,1138
497,Brynne,Moneti,1139
498,Pavel,Biss,1140
499,Leroi,Wallentin,1141
500,Arvin,Amorts,1142
501,Dallas,Rosling,1143
502,Silas,Banbrigge,1144
503,Kale,Dyott,1145
504,Iolanthe,MacKall,1146
505,Gaby,Dineges,1147
506,Norris,Brandreth,1148
507,Elmore,Woollends,1149
508,Noell,O'Kuddyhy,1150
509,Borden,Aitcheson,1151
510,Winny,Pladen,1152
511,Karlyn,Wyeld,1153
512,Prudence,Huett,1154
513,Moe,Jachimak,1155
514,Willie,Meiklam,1156
515,Minny,Dowse,1157
516,Janos,Worledge,1158
517,Davy,Dunican,1159
518,Yoko,Huntingford,1160
519,Katharine,Leyden,1161
520,Klarrisa,Portingale,1162
521,Sabra,Toping,1163
522,Lorenzo,Schiell,1164
523,Mercy,Briston,1165
524,Kyla,Castiblanco,1166
525,Rosanne,Grain,1167
526,Bradley,Beggini,1168
527,Marin,Whetton,1169
528,Basil,Hirschmann,1170
529,Rosalyn,Osmant,1171
530,Silvie,Padgham,1172
531,Johnath,Lewins,1173
532,Federica,Lee,1174
533,Dahlia,Ashfull,1175
534,Dave,Lane,1176
535,Che,Bridel,1177
536,Marlee,Ayshford,1178
537,Ulick,Westall,1179
538,Casie,Leftridge,1180
539,Ceciley,Esilmon,1181
540,Junette,Dripp,1182
541,Merrill,Verdie,1183
542,Kimberley,Matthewson,1184
543,Lark,Belvard,1185
544,Domenico,Winteringham,1186
545,Clio,Ferrolli,1187
546,Adamo,Donaho,1188
547,Carmon,Kelk,1189
548,Marcy,Davio,1190
549,Celisse,Quantrill,1191
550,Brooks,Record,1192
551,Yves,Pallent,1193
552,Cammy,McLarty,1194
553,Kirstin,Pley,1195
554,Rozella,Hawkswood,1196
555,Briant,Camus,1197
556,Jody,Turpey,1198
557,Arty,Knowlton,1199
558,Kalinda,Bartolacci,1200
559,Rani,Crosskell,1201
560,Wilmar,Roper,1202
561,Alanson,Owthwaite,1203
562,Eleonora,Balint,1204
563,Mauricio,Serfati,1205
564,Hewe,Stang-Gjertsen,1206
565,Lynette,Spittles,1207
566,Alexine,Mirralls,1208
567,Ruthy,Reddoch,1209
568,Sandie,Tradewell,1210
569,Layla,Piscotti,1211
570,Dalenna,Tebbut,1212
571,Peggy,Leipoldt,1213
572,Penelopa,Rotge,1214
573,Cicily,Kloster,1215
574,Henka,Hamblin,1216
575,Jim,Tomasian,1217
576,Lolita,Sherburn,1218
577,Nickolas,Gorring,1219
578,Sybilla,Pennazzi,1220
579,Eleanor,Koles,1221
580,King,Featherstonehaugh,1222
581,Kendre,Benfell,1223
582,Sunny,Duce,1224
583,Jeannette,Whitmore,1225
584,Carr,O'Cannovane,1226
585,Paolina,Landrean,1227
586,Ingmar,Daudray,1228
587,Evangelin,Wharby,1229
588,Lena,Locks,1230
589,Kelbee,Davison,1231
590,Xena,Pardey,1232
591,Prent,Gould,1233
592,Quintana,Kermit,1234
593,Kerstin,Crumpe,1235
594,Wendall,Blackmuir,1236
595,Glenn,Fewlass,1237
596,Judy,Janek,1238
597,Bianca,Skully,1239
598,Brandie,Dullingham,1240
599,Abbey,Cranmere,1241
600,Dannel,Mokes,1242
601,Shirleen,Hing,1243
602,Missy,Tattersill,1244
603,Marcello,Tennant,1245
604,Ludwig,Daniell,1246
605,Chris,Bentje,1247
606,Jazmin,Clerc,1248
607,Lauree,Sorbie,1249
608,Cheryl,Barzen,1250
609,Karlee,Birchner,1251
610,Gracia,Tomaszczyk,1252
611,Vivien,Pauleau,1253
612,Currie,MacCall,1254
613,Hollis,Thomason,1255
614,Leah,Denniss,1256
615,Anthony,Desorts,1257
616,Bobby,Anthon,1258
617,Saloma,Aves,1259
618,Kaia,Levitt,1260
619,Mechelle,Coghlin,1261
620,Elia,Hirsthouse,1262
621,Laura,Marquese,1263
622,Neysa,Synan,1264
623,Annemarie,Rubury,1265
624,Basile,Malcolm,1266
625,Duffie,Hawlgarth,1267
626,Krispin,Cayton,1268
627,Harvey,Rookwell,1269
628,Korry,Hanbridge,1270
629,Phelia,Burder,1271
630,Giavani,Langwade,1272
631,Ellynn,Wadesworth,1273
632,Moise,Cowterd,1274
633,Wilfrid,Hallbird,1275
634,Julian,Wintringham,1276
635,Osmond,Anthony,1277
636,Rockie,Calcraft,1278
637,Pammie,Bolletti,1279
638,Blinny,O'Carran,1280
639,Maudie,Wreford,1281
640,Amie,Coger,1282
641,Salli,Nowakowski,1283
642,Merola,Stinson,1284
643,Daria,Hanley,1285
644,Millie,Goede,1286
645,Werner,Skene,1287
646,Ilse,Beine,1288
647,Abagail,Hinstridge,1289
648,Frannie,Ferre,1290
649,Ricardo,Jonke,1291
650,Gilberto,Calveley,1292
651,Oren,McArdle,1293
652,Dory,Shafe,1294
653,Austin,Gullane,1295
654,Megan,Siggens,1296
655,Normand,Leddy,1297
656,Chrissy,Djurdjevic,1298
657,Bibbye,Gibling,1299
658,Hollyanne,Lomis,1300
659,Svend,Benion,1301
660,Susana,Blaber,1302
661,Demetria,LaBastida,1303
662,Tito,Hullock,1304
663,Ly,Le Page,1305
664,Meagan,Baybutt,1306
665,Kerianne,Gabites,1307
666,Christophorus,Humbee,1308
667,Candice,Sinclar,1309
668,Walther,Gearty,1310
669,Gerrie,Radenhurst,1311
670,Florry,Coviello,1312
671,Charline,Welband,1313
672,Ainslie,McWhan,1314
673,Wilona,Waymont,1315
674,Wes,Backe,1316
675,Hill,Callan,1317
676,Carlen,Martt,1318
677,Hadley,Yerborn,1319
678,Ralina,Orknay,1320
679,Daisey,Lifton,1321
680,Jourdain,Longworthy,1322
681,Juliette,Lamcken,1323
682,Candis,Haggata,1324
683,Madelle,Cottie,1325
684,Harri,Philcott,1326
685,Justine,Adami,1327
686,Ramsey,Jacomb,1328
687,Rourke,Abdie,1329
688,Rosene,Gooley,1330
689,Mattheus,Fligg,1331
690,Vivi,Ridgewell,1332
691,Normy,Stoakes,1333
692,Annissa,Pelosi,1334
693,Derrik,Crippin,1335
694,Sancho,Dowrey,1336
695,Robert,McBain,1337
696,Alyse,Burtt,1338
697,Vinny,Kennion,1339
698,Catlaina,Seden,1340
699,Rochelle,Mulvy,1341
700,Silvia,Ransome,1342
701,Blinni,Beelby,1343
702,Vitoria,Matschuk,1344
703,Yul,Menzies,1345
704,Cheri,Thrasher,1346
705,Zebedee,Boud,1347
706,Dar,Keeffe,1348
707,Dana,Ratley,1349
708,Reina,Andresen,1350
709,Lorrie,Pirnie,1351
710,Barney,MacKellen,1352
711,Brucie,Purver,1353
712,Tod,Stow,1354
713,Fielding,Batchley,1355
714,Tome,Yankin,1356
715,Clement,Gittoes,1357
716,Abram,Chippin,1358
717,Belita,Crux,1359
718,Riordan,Garcia,1360
719,Cointon,L'Episcopio,1361
720,Erin,MacCathay,1362
721,Bevin,Newlove,1363
722,Cathryn,Odby,1364
723,Galvan,Camings,1365
724,Jesse,Bocken,1366
725,Fowler,Lawly,1367
726,Kristian,Hovenden,1368
727,Cosetta,McIlvenna,1369
728,Aldridge,Carss,1370
729,Lilla,Verdun,1371
730,Whitney,Szymonowicz,1372
731,Huntlee,Lindelof,1373
732,Wynnie,Niblo,1374
733,Ave,Jaquet,1375
734,Liane,MacAfee,1376
735,Alexis,Cready,1377
736,Darin,Gormally,1378
737,Leigh,Titlow,1379
738,Sauncho,Forgie,1380
739,Karola,Larvor,1381
740,Arvie,Jurisic,1382
741,Angelika,O'Roan,1383
742,Roshelle,Flade,1384
743,Amberly,Prosh,1385
744,Bailey,Riby,1386
745,Vivyan,Crocroft,1387
746,Jaynell,Alcorn,1388
747,Glennie,Martelet,1389
748,Milka,Raft,1390
749,Dionysus,Bradnum,1391
750,Candida,Curado,1392
751,Rivy,Shay,1393
752,Cindee,Coleford,1394
753,Bevin,Howard - Gater,1395
754,Rebecka,Greim,1396
755,Clemente,Brumble,1397
756,Andrus,Ryce,1398
757,Rriocard,Burnett,1399
758,Rozele,Guiso,1400
759,Aaron,Bertin,1401
760,Chrysler,Bazeley,1402
761,Hanna,Josskowitz,1403
762,Johna,Bernon,1404
763,Juliann,Yurocjkin,1405
764,Sylvan,Fabler,1406
765,Bartlett,Wogden,1407
766,Niels,Venneur,1408
767,Orelia,Straine,1409
768,Chrissy,Picford,1410
769,Stephine,McKendo,1411
770,Janette,oldey,1412
771,Ricki,Braunes,1413
772,Colet,Bruckmann,1414
773,Althea,Boosey,1415
774,Sissie,Bladon,1416
775,D'arcy,Pentelo,1417
776,Glynis,Edington,1418
777,Cornie,Gott,1419
778,Cindi,Copcote,1420
779,Allene,Rawson,1421
780,Sorcha,Postle,1422
781,Bevin,Gammons,1423
782,Ophelie,Moscone,1424
783,Waite,Dolling,1425
784,Doris,Bromby,1426
785,Nana,Antoniewski,1427
786,Dorolice,Bowley,1428
787,Claude,Warrilow,1429
788,Langston,Huffy,1430
789,Gaby,Glandfield,1431
790,Chelsie,Jenteau,1432
791,Carilyn,Sitlinton,1433
792,Jocelyn,Schulken,1434
793,Hartwell,Scotchforth,1435
794,Neila,Ivasechko,1436
795,Dante,Nestoruk,1437
796,Debera,Peckitt,1438
797,Merle,Treadgear,1439
798,Ronni,Shervington,1440
799,Evie,Bullar,1441
800,Culver,Dixcee,1442
801,Calida,Davidovitch,1443
802,Charla,Yepiskov,1444
803,Nicol,Andrault,1445
804,Jorry,Studeart,1446
805,Dwain,Swynley,1447
806,Reese,Springham,1448
807,Annetta,Marcone,1449
808,Nat,Farrimond,1450
809,Verla,Tinner,1451
810,Ann-marie,Beynke,1452
811,Niko,Buy,1453
812,Basil,Orteau,1454
813,Piotr,Biddell,1455
814,Bradford,Pachta,1456
815,Haze,Ashbolt,1457
816,Alan,Antonovic,1458
817,Darsie,Lerwell,1459
818,Petronille,MacIntyre,1460
819,Lay,McAuslan,1461
820,Jules,Dodamead,1462
821,Reinhold,Hargrove,1463
822,Zandra,Ibbotson,1464
823,Karlotte,Sandbrook,1465
824,Eimile,Gallico,1466
825,Shaine,Rollinshaw,1467
826,Grata,Roselli,1468
827,Laverna,Cator,1469
828,Kienan,Rouf,1470
829,Talya,Grigoroni,1471
830,Johnnie,Pedreschi,1472
831,Dido,Munns,1473
832,Karissa,Muston,1474
833,Bartolomeo,Keble,1475
834,Pyotr,Northridge,1476
835,Reg,Kenealy,1477
836,Wallie,Marshallsay,1478
837,Adolphe,Hiorn,1479
838,Stinky,Ilem,1480
839,Sanders,Gryglewski,1481
840,Roseline,Twentyman,1482
841,Joni,Gittoes,1483
842,Mordy,Toderini,1484
843,Marika,Padula,1485
844,Hussein,Round,1486
845,Basia,Pietzner,1487
846,Hoyt,Effaunt,1488
847,Conrado,Enrrico,1489
848,Allin,Penwarden,1490
849,Elfie,Smelley,1491
850,Lucy,Huxtable,1492
851,Emlynne,Pickover,1493
852,Gordan,Pask,1494
853,Minnie,Saipy,1495
854,Jemimah,Jallin,1496
855,Janeva,Bracco,1497
856,Antoine,Martonfi,1498
857,Cross,Hawlgarth,1499
858,Britney,Parley,1500
859,Drona,Hollingsby,1501
860,Arman,MacCheyne,1502
861,Ari,Poveleye,1503
862,Jeremy,Jobbing,1504
863,Cornelia,Steddall,1505
864,Hy,Dowry,1506
865,Leonore,Dandie,1507
866,Jamil,Trowle,1508
867,Kendra,Joppich,1509
868,Guinna,Chatburn,1510
869,Antin,Norkutt,1511
870,Reed,Casbourne,1512
871,Magdalen,Rolfs,1513
872,Billy,Winterton,1514
873,Manda,Dillistone,1515
874,Mathilda,Witherbed,1516
875,Helene,Streatfield,1517
876,Jacobo,Wilbud,1518
877,Wyatt,O'Gormally,1519
878,Cullen,Browning,1520
879,Claudell,Roset,1521
880,Barde,Zanettini,1522
881,Ginnifer,Simononsky,1523
882,Pearl,Wigsell,1524
883,Sylvan,Maddern,1525
884,Gates,Coolican,1526
885,Basilius,Minors,1527
886,Tobin,Whorlow,1528
887,Harald,Robilart,1529
888,Sharon,Stenett,1530
889,Kenny,Marjanovic,1531
890,Trueman,Musk,1532
891,Tersina,Mauvin,1533
892,Javier,Aronson,1534
893,Nathaniel,Gaffon,1535
894,Ximenez,Fresson,1536
895,Tessie,McKeady,1537
896,Codi,Ubank,1538
897,Duncan,Chupin,1539
898,Beverie,Faithfull,1540
899,Ddene,Vequaud,1541
900,Collette,Benoit,1542
901,Dory,Pencost,1543
902,Trstram,Leas,1544
903,Myrwyn,Denington,1545
904,Eugenius,Burnapp,1546
905,Lenna,Windridge,1547
906,Obadiah,Leeburn,1548
907,Theo,Raccio,1549
908,Phyllys,Sparshutt,1550
909,Marrilee,Rubee,1551
910,Davidde,Agirre,1552
911,Angela,Dolby,1553
912,Boonie,Scotcher,1554
913,Vic,Gorce,1555
914,Jermain,Pepineaux,1556
915,Kip,Balmann,1557
916,Mikel,Bernhard,1558
917,Guy,Widocks,1559
918,Lisetta,Yu,1560
919,Torey,Bog,1561
920,Eadith,Jannasch,1562
921,Rici,Ozintsev,1563
922,Jed,Sillitoe,1564
923,Baryram,Dumbreck,1565
924,Martie,Datte,1566
925,Lyndsey,Lis,1567
926,Matthieu,Belin,1568
927,Cristal,Berni,1569
928,Chelsey,Squelch,1570
929,Jermaine,Gebby,1571
930,Stephannie,Kingwell,1572
931,Mireielle,Wainman,1573
932,Cornelle,Greenhall,1574
933,Emalee,Braine,1575
934,Tabitha,Craske,1576
935,Hakeem,Ronnay,1577
936,Kassia,Doni,1578
937,Nelli,Lambarton,1579
938,Minnnie,Hayman,1580
939,Ami,MattiCCI,1581
940,Wash,Janisson,1582
941,Dorian,Roubeix,1583
942,Horatia,Whisby,1584
943,Kaela,Pymer,1585
944,Jacquetta,Wagstaff,1586
945,Glendon,Dicey,1587
946,Harman,Greenhow,1588
947,Dita,Iacopo,1589
948,Giffer,Meys,1590
949,Reinaldos,Cadding,1591
950,Zed,Lochrie,1592
951,Herve,Figure,1593
952,Ricki,Scottrell,1594
953,Vyky,Fundell,1595
954,Sheeree,Wanderschek,1596
955,Karrah,Pavlitschek,1597
956,Dietrich,Figgen,1598
957,Cassandra,Ladley,1599
958,Laurie,O' Gara,1600
959,Rory,Grafton-Herbert,1601
960,Domingo,Lamberton,1602
961,Suzette,Wyrall,1603
962,Kimball,Garthland,1604
963,Ingunna,Rembrandt,1605
964,Westley,Szantho,1606
965,Jourdan,Brouard,1607
966,Selma,Duddin,1608
967,Diannne,Gile,1609
968,Brittan,Bust,1610
969,Marty,Ginnally,1611
970,Wendy,Martygin,1612
971,Alfi,Cliburn,1613
972,Camey,Mannagh,1614
973,Carlyn,Kidstoun,1615
974,Tony,Naire,1616
975,Marquita,Schlagtmans,1617
976,Putnam,Diwell,1618
977,Welch,Pymm,1619
978,Traci,Woolstenholmes,1620
979,Ingaberg,Brear,1621
980,Rosalind,Scholefield,1622
981,Rollo,Brinkworth,1623
982,Alleen,Isaacson,1624
983,Nollie,Martyns,1625
984,Bari,Gubbin,1626
985,Traci,Hadaway,1627
986,Page,Wrefford,1628
987,Zea,Cassella,1629
988,Jacob,Sicha,1630
989,Melitta,Imloch,1631
990,Andree,Wrighton,1632
991,Bria,Serraillier,1633
992,Rebbecca,Bettlestone,1634
993,Jehu,Fell,1635
994,Siana,Chittim,1636
995,Maria,Reiner,1637
996,Hill,Capaldo,1638
997,Louise,McClelland,1639
998,Carce,Woolpert,1640
999,Tandi,But,1641
1000,Caryl,Yarnley,1642
1001,Sherwood,Trussell,1643
1002,Derby,Becker,1644
1003,Philippine,Rumke,1645
1004,Aeriell,Abilowitz,1646
1005,Yoko,Gason,1647
1006,Denyse,Skinley,1648
1007,Shurwood,Jeannel,1649
1008,Reena,Chiswell,1650
1009,Francesco,Covely,1651
1010,Paige,Grantham,1652
1011,Bran,Guildford,1653
1012,Sammie,Halpin,1654
1013,Trixi,Sutheran,1655
1014,Jeanine,Edgeler,1656
1015,Bobina,Whitlaw,1657
1016,Mommy,Raitie,1658
1017,Nathaniel,Blogg,1659
1018,Flss,Arlt,1660
1019,Willey,Bumfrey,1661
1020,Mora,Bazell,1662
1021,Griffin,Brett,1663
1022,Allister,Justham,1664
1023,Dion,Masic,1665
1024,Bat,Footitt,1666
1025,Templeton,Uff,1667
1026,Seth,Adcock,1668
1027,Louella,Romanski,1669
1028,Allina,Latimer,1670
1029,Ashleigh,Jeschner,1671
1030,Dotti,Boorne,1672
1031,Anne,Stanyland,1673
1032,Tonnie,Gruszecki,1674
1033,Beitris,Mein,1675
1034,Halsy,Maciunas,1676
1035,Mellicent,Lydall,1677
1036,Nathanil,Allsepp,1678
1037,Maritsa,Sherel,1679
1038,Malynda,Highwood,1680
1039,Guenna,Burgoin,1681
1040,Kathi,Skipp,1682
1041,Sol,Mahady,1683
1042,Todd,Pedel,1684
1043,Mignonne,Sailor,1685
1044,Rorie,Goodyear,1686
1045,Tierney,Rowberry,1687
1046,Nickolaus,Du Hamel,1688
1047,Ketty,Meriel,1689
1048,Audi,Basso,1690
1049,Lodovico,Doxey,1691
1050,Merle,Wayte,1692
1051,Bart,Nortcliffe,1693
1052,Caron,Agge,1694
1053,Stormi,Bardsley,1695
1054,Isador,Fortesquieu,1696
1055,Brandi,Keenlayside,1697
1056,Danya,Dumsday,1698
1057,Emmit,Skeeles,1699
1058,Robyn,Whitely,1700
1059,Helge,McGeachie,1701
1060,Jenn,Hucke,1702
1061,Kip,Acum,1703
1062,Yolande,Lehon,1704
1063,Dori,Hogbourne,1705
1064,Betty,Netherwood,1706
1065,Rey,Olechnowicz,1707
1066,Jennifer,Heskin,1708
1067,Rita,Stoving,1709
1068,Ronald,Duprey,1710
1069,Dianne,Bumpass,1711
1070,Guthrie,Ballchin,1712
1071,Lucy,Osbourne,1713
1072,Luciana,Tackle,1714
1073,Ashley,Chaters,1715
1074,Elissa,Thay,1716
1075,Carlotta,Joutapaitis,1717
1076,Glyn,Rapley,1718
1077,Cecilius,Ivie,1719
1078,Berrie,Boal,1720
1079,Sharai,Clarycott,1721
1080,Mattias,Boncoeur,1722
1081,Rianon,Lowle,1723
1082,Goldia,Cabera,1724
1083,Ulric,Tiddeman,1725
1084,Dalston,Yurinov,1726
1085,Tim,McIlherran,1727
1086,Orville,Block,1728
1087,Modesty,Stearnes,1729
1088,Pier,Shirley,1730
1089,Ninnette,McKern,1731
1090,Aldwin,Faiers,1732
1091,Selina,Stranahan,1733
1092,Joletta,Hardern,1734
1093,Hyacintha,Abbets,1735
1094,Magdalen,Mougin,1736
1095,Mady,Cranny,1737
1096,Constance,Roddam,1738
1097,Palm,Waistell,1739
1098,Franny,Brine,1740
1099,Shermie,Formby,1741
1100,Winny,Whewill,1742
1101,Luciana,Settle,1743
1102,Timotheus,Kayes,1744
1103,Elston,Jovicevic,1745
1104,Marie-jeanne,Ballaam,1746
1105,Erastus,Elcoate,1747
1106,Hayyim,Farn,1748
1107,Florinda,Cressingham,1749
1108,Marti,McCaskill,1750
1109,Reeba,Darbey,1751
1110,Laughton,Beswetherick,1752
1111,Delly,Martyns,1753
1112,Jozef,Spykings,1754
1113,Brandais,Brydson,1755
1114,Rabi,Bruntje,1756
1115,Lee,Jerger,1757
1116,Giff,Phython,1758
1117,Sauveur,Purcell,1759
1118,Andros,Kevis,1760
1119,Allister,Offner,1761
1120,Torrin,Bernardot,1762
1121,Arley,Powling,1763
1122,Sean,Shyram,1764
1123,Romeo,Grinaugh,1765
1124,Roley,Chinge de Hals,1766
1125,Caz,Wathen,1767
1126,Austina,Cuttler,1768
1127,Nannie,Peirson,1769
1128,Jerrie,Pettiford,1770
1129,Jourdain,McHardy,1771
1130,Bondon,Dobbyn,1772
1131,Letizia,Cobbin,1773
1132,Dael,Call,1774
1133,Wayland,Imort,1775
1134,Opaline,Spellissy,1776
1135,Osbourne,Gwyneth,1777
1136,Minda,Sherrin,1778
1137,Shelby,Ionesco,1779
1138,Rica,Papps,1780
1139,Irina,Ferroli,1781
1140,Ruben,Bransby,1782
1141,Gwenora,Pavlovic,1783
1142,Cynde,Withey,1784
1143,Richy,Stannion,1785
1144,Hetti,Reichardt,1786
1145,Giorgi,Ranshaw,1787
1146,Joshia,Kynge,1788
1147,Bertha,Ladley,1789
1148,Muriel,Lees,1790
1149,Berkly,Nagle,1791
1150,Elane,Bert,1792
1151,Dael,Colerick,1793
1152,Dixie,Twoohy,1794
1153,Vachel,Stodd,1795
1154,Annie,Couche,1796
1155,Rita,Tofano,1797
1156,Gray,Mearing,1798
1157,Eddie,Longland,1799
1158,Pall,Fero,1800
1159,Dacia,Tieman,1801
1160,Ab,Pashbee,1802
1161,Dallas,Sproson,1803
1162,Anstice,Duffield,1804
1163,Damara,Margery,1805
1164,Marcel,Lay,1806
1165,Ximenez,Tuxsell,1807
1166,Nananne,Cowup,1808
1167,Kin,Philipeau,1809
1168,Joscelin,Machans,1810
1169,Chet,Shwenn,1811
1170,Jone,Birtchnell,1812
1171,Tonie,Lacky,1813
1172,Sada,Lamb,1814
1173,Sean,Gossage,1815
1174,Englebert,Armor,1816
1175,Jeanna,Thrussell,1817
1176,Ellyn,Breeze,1818
1177,Fern,McCaughren,1819
1178,Demetre,Barrick,1820
1179,Lissa,Strotone,1821
1180,Bondon,Grimoldby,1822
1181,Constantine,Kinder,1823
1182,Manny,Backman,1824
1183,Cynthie,Pocknell,1825
1184,Donnajean,Found,1826
1185,Josy,Vaszoly,1827
1186,Crin,Maffey,1828
1187,Paxon,Scoggan,1829
1188,Rosalinde,Jacobi,1830
1189,Patti,Wallbutton,1831
1190,Willy,Menico,1832
1191,Malorie,Bourhill,1833
1192,Raf,Yurkiewicz,1834
1193,Starlene,McTurlough,1835
1194,Dacy,Glasspoole,1836
1195,Stephanus,Kruse,1837
1196,Gareth,Fazackerley,1838
1197,Mabel,Jessop,1839
1198,Dorian,Puckham,1840
1199,Laina,Arenson,1841
1200,Barbara,Probey,1842
1201,Lainey,Cleever,1843
1202,Louie,Woltering,1844
1203,Heindrick,Bartolomucci,1845
1204,Marinna,Stickells,1846
1205,Gussie,Grisenthwaite,1847
1206,Nat,Ivanets,1848
1207,Darice,Farrent,1849
1208,Benoit,Longlands,1850
1209,Candi,Jackes,1851
1210,Marys,Broggini,1852
1211,Cyril,Lillford,1853
1212,Maximilien,Mattaser,1854
1213,Evita,Matches,1855
1214,Emily,Twelves,1856
1215,Rip,Caldeiro,1857
1216,Nancie,Cuxson,1858
1217,Jeanette,Vandenhoff,1859
1218,Lauri,Linney,1860
1219,Israel,Darragh,1861
1220,Kirby,Chyuerton,1862
1221,Robinet,Churm,1863
1222,Dorene,Rowen,1864
1223,Meier,McLagan,1865
1224,Carroll,Fadian,1866
1225,Leonid,Hallen,1867
1226,Maximilianus,Roux,1868
1227,Shana,Boother,1869
1228,Coreen,Van Brug,1870
1229,Matthaeus,Comar,1871
1230,Dulce,Haughin,1872
1231,Aguste,Rabjohn,1873
1232,Kenon,Jurzyk,1874
1233,Jacquie,Faivre,1875
1234,Noland,Challender,1876
1235,Gusti,Swinburn,1877
1236,Tibold,Desbrow,1878
1237,Loleta,Emlyn,1879
1238,Gweneth,Felce,1880
1239,Arnaldo,Rosell,1881
1240,Cloe,Loade,1882
1241,Vanni,O'Henehan,1883
1242,Heddi,Paik,1884
1243,Carley,Pail,1885
1244,Rhett,Junes,1886
1245,Lorry,Breagan,1887
1246,Bret,Rowbottam,1888
1247,Siward,Rentoll,1889
1248,Elton,Tatershall,1890
1249,Ally,Linne,1891
1250,Eduardo,Casali,1892
1251,Odell,St. Paul,1893
1252,Ashleigh,Rhoades,1894
1253,Marnia,Churchin,1895
1254,Cymbre,Erangey,1896
1255,Cati,Corsan,1897
1256,Beauregard,Yakubovics,1898
1257,Amye,McDuff,1899
1258,Nate,Ruseworth,1900
1259,Arri,Choppin,1901
1260,Karleen,Dorbin,1902
1261,Paco,Fosdyke,1903
1262,Kippie,Newarte,1904
1263,Eugenie,McCullouch,1905
1264,Betsey,Foan,1906
1265,Ursula,Fowler,1907
1266,Hasty,Penrith,1908
1267,Adelaide,McKue,1909
1268,Eugene,Quiney,1910
1269,Elvera,Ghirardi,1911
1270,Cyril,Creek,1912
1271,Drucy,Orrum,1913
1272,Mikol,Duxbarry,1914
1273,Lyssa,Able,1915
1274,Ruthy,Kleiner,1916
1275,Anatollo,Le Clercq,1917
1276,Devon,Capps,1918
1277,Chandal,Antusch,1919
1278,Ingeberg,Grundon,1920
1279,Fallon,Leghorn,1921
1280,Connie,Murby,1922
1281,Andria,Bound,1923
1282,Eduino,Drewell,1924
1283,Roshelle,Hellings,1925
1284,Courtnay,Bearham,1926
1285,Amelita,Kyrkeman,1927
1286,Pace,Hackworthy,1928
1287,Carolyn,Milington,1929
1288,Miltie,Polglaze,1930
1289,Kristi,Reitenbach,1931
1290,Silvia,Lowe,1932
1291,Jerrie,Vines,1933
1292,Kimbell,Revens,1934
1293,Florie,Hartridge,1935
1294,Amity,Bagworth,1936
1295,Shantee,Brennen,1937
1296,Cecilia,Grange,1938
1297,Cordie,Yuille,1939
1298,Lib,Probey,1940
1299,Karee,Capelle,1941
1300,Nessy,Attril,1942
1301,Kennan,Diben,1943
1302,Inessa,Budnik,1944
1303,Gabey,Crone,1945
1304,Lotti,Sinkinson,1946
1305,Noreen,Manville,1947
1306,Maurie,Regis,1948
1307,Reinald,Brigstock,1949
1308,Tobiah,Abella,1950
1309,Tarra,Dumbrall,1951
1310,Sile,Baylay,1952
1311,Shaine,Edwin,1953
1312,Kareem,Gumb,1954
1313,Margret,Gallaway,1955
1314,Marylou,Haddeston,1956
1315,Reina,McWhirter,1957
1316,Leanora,Smales,1958
1317,Eloise,Farrington,1959
1318,Carline,Monroe,1960
1319,Jesse,Baynom,1961
1320,Cybill,Kubicka,1962
1321,Horatio,Slimon,1963
1322,Opal,Hitscher,1964
1323,Andee,Hatfield,1965
1324,Milissent,Darycott,1966
1325,Calv,Bertolaccini,1967
1326,Mikey,Gomar,1968
1327,Arlee,Taffley,1969
1328,Marion,Botwood,1970
1329,Valida,Rosewall,1971
1330,Arvie,Greenroyd,1972
1331,Bruno,Bandy,1973
1332,Amanda,Bennett,1974
1333,Gene,Braferton,1975
1334,Zenia,Crowder,1976
1335,Nickolai,Pischel,1977
1336,Dulcine,MacGaughey,1978
1337,Barret,Stokes,1979
1338,Bobbie,Bray,1980
1339,Scotty,Westrey,1981
1340,Deana,Blaycock,1982
1341,Mellicent,Corp,1983
1342,Marsha,Brumbie,1984
1343,Pepe,Koschek,1985
1344,Kenneth,Daughton,1986
1345,Phoebe,Petriello,1987
1346,Ely,Brandenberg,1988
1347,Barde,Kilminster,1989
1348,Auberon,Carlisle,1990
1349,Mabel,Furley,1991
1350,Shane,Lanfranconi,1992
1351,Ruddy,McTurley,1993
1352,Bianca,Vaughten,1994
1353,Grantham,Ordidge,1995
1354,Salvador,Feria,1996
1355,Sashenka,Pues,1997
1356,Ali,Swinglehurst,1998
1357,Gerry,Kelledy,1999
1358,Perla,Shilladay,2000
1359,Daniele,Whitefoot,2001
1360,Nelle,Tousy,2002
1361,Madelena,Siviter,2003
1362,Chrisse,Bremley,2004
1363,Marcelle,Morford,2005
1364,Davita,Cheeseman,2006
1365,Bryant,Pirozzi,2007
1366,Rem,Leathart,2008
1367,Dorie,Cartan,2009
1368,Ruddy,Pycock,2010
1369,Jock,Lodder,2011
1370,Saunders,Shipston,2012
1371,Marcus,Sollowaye,2013
1372,Olympia,Malan,2014
1373,Nona,Farnhill,2015
1374,Ellerey,Craighill,2016
1375,Ranee,todor,2017
1376,Yelena,Eckh,2018
1377,Bernhard,Croose,2019
1378,Renado,Leale,2020
1379,Alisander,Mercey,2021
1380,Amberly,Selbie,2022
1381,Brant,McCaffrey,2023
1382,Dominica,Philipsen,2024
1383,Jeramey,Denisard,2025
1384,Tedd,Beston,2026
1385,Rene,Soots,2027
1386,Munmro,Gerkens,2028
1387,Junette,McQuilkin,2029
1388,Emmet,Burfitt,2030
1389,Giffie,Mattocks,2031
1390,Shalne,Coltart,2032
1391,Gladys,Winterbottom,2033
1392,Egon,Beecham,2034
1393,Andie,Croux,2035
1394,Mehetabel,Simonetti,2036
1395,Chevy,Ravenscroftt,2037
1396,Sallyann,Matuszkiewicz,2038
1397,Christy,Dunthorn,2039
1398,Yancy,Ausello,2040
1399,Ahmed,Siely,2041
1400,Ewart,Manske,2042
1401,Nanice,Golden,2043
1402,Berte,Abramin,2044
1403,Sayre,Murty,2045
1404,Beverlie,Quittonden,2046
1405,Benedetta,Tivers,2047
1406,Bunny,Possa,2048
1407,Nanni,Cuberley,2049
1408,Waverley,Gauche,2050
1409,Lindi,Rudham,2051
1410,Timoteo,Melbert,2052
1411,Sherri,O'Gormally,2053
1412,Eryn,Farrans,2054
1413,Ronny,Brandom,2055
1414,Lowrance,Zuenelli,2056
1415,Gilbertine,Rubinfajn,2057
1416,Goober,Bootland,2058
1417,Patricia,Sousa,2059
1418,Julie,Mabe,2060
1419,Brent,Barnardo,2061
1420,Freddi,Riddall,2062
1421,Gerald,Mungan,2063
1422,Linea,Blasl,2064
1423,Polly,Kilalea,2065
1424,Babara,Asee,2066
1425,Theresa,Bernath,2067
1426,Phaidra,Faull,2068
1427,Rowland,Quenell,2069
1428,Jacquenette,Urlich,2070
1429,Adel,Carlon,2071
1430,Giustina,Markie,2072
1431,Rasia,Trodler,2073
1432,Skylar,St Leger,2074
1433,Bink,Kynder,2075
1434,Jackie,Capaldi,2076
1435,Loree,Capstack,2077
1436,Consalve,Iacoboni,2078
1437,Page,Ramsdale,2079
1438,Petey,Coghill,2080
1439,Frederich,Saur,2081
1440,Cassaundra,Cadreman,2082
1441,Dill,Moncarr,2083
1442,Hebert,Tampen,2084
1443,Odelia,Barnham,2085
1444,Faustine,Kleynen,2086
1445,Fredra,Thewys,2087
1446,Sybille,Lissemore,2088
1447,Farah,Brunton,2089
1448,Cesaro,Pengelley,2090
1449,Andrej,Emsley,2091
1450,Hildagard,Carlos,2092
1451,Julee,Rizzolo,2093
1452,Bar,Jimmison,2094
1453,Odele,MacGauhy,2095
1454,Ruby,Canham,2096
1455,Talyah,Prandoni,2097
1456,Godfrey,Brahan,2098
1457,Dickie,Billam,2099
1458,Hedda,Haggus,2100
1459,Clement,Viner,2101
1460,Brooke,Shevlan,2102
1461,Erna,Cowdry,2103
1462,Viva,Jesper,2104
1463,Gennie,Sallarie,2105
1464,Ranique,Gudgeon,2106
1465,Tish,Dupre,2107
1466,Nils,Hasnney,2108
1467,Jimmy,Kensall,2109
1468,Maurise,Duggon,2110
1469,Franciskus,Stracey,2111
1470,Benedetto,Vose,2112
1471,Bron,De Malchar,2113
1472,Kissiah,Oloshin,2114
1473,Hailee,Macartney,2115
1474,Patti,Gilleson,2116
1475,Jere,Blowick,2117
1476,Templeton,Houdhury,2118
1477,Clareta,Padkin,2119
1478,Winfield,Stallworth,2120
1479,Alfredo,Briztman,2121
1480,Carlen,Stealfox,2122
1481,Sasha,Chavrin,2123
1482,Susette,Mabone,2124
1483,Dorothee,Duff,2125
1484,Alonso,Housegoe,2126
1485,Keen,Hessentaler,2127
1486,Dru,Beesley,2128
1487,Colet,Ricardon,2129
1488,Westley,Grossman,2130
1489,Joseph,Carrabot,2131
1490,Clerkclaude,Durdle,2132
1491,Conroy,Langmaid,2133
1492,Vasilis,Tidgewell,2134
1493,Kelsey,Hargreaves,2135
1494,Warren,Antonescu,2136
1495,Edna,Fandrey,2137
1496,Valentijn,Tubble,2138
1497,Avram,Greenstock,2139
1498,Charo,Farrier,2140
1499,Kinny,Skoughman,2141
1500,Adelle,Jiras,2142
1501,Oswell,Wellbelove,2143
1502,Carmon,Scarlett,2144
1503,Noah,McBain,2145
1504,Goran,Baylis,2146
1505,Noble,Dast,2147
1506,Hesther,Boat,2148
1507,Aimee,Lokier,2149
1508,Idaline,Parradice,2150
1509,Ermanno,Hazlewood,2151
1510,Felecia,Gwillyam,2152
1511,Deirdre,Goolding,2153
1512,Louis,Font,2154
1513,Tatiana,Skillman,2155
1514,Henka,Loy,2156
1515,Shandee,Muzzillo,2157
1516,Verne,Willetts,2158
1517,Beale,Ilyunin,2159
1518,Clarance,Morrell,2160
1519,Giulio,Keynes,2161
1520,Mort,Spikings,2162
1521,Cathyleen,Regus,2163
1522,Jeannette,Pickerin,2164
1523,Miles,Skipton,2165
1524,Maximo,Chislett,2166
1525,Barbe,Giovannoni,2167
1526,Deanna,Redferne,2168
1527,Mason,Leythley,2169
1528,Madeleine,Meneghi,2170
1529,Tommi,Pawlata,2171
1530,Cordelia,Lorimer,2172
1531,Rey,Balducci,2173
1532,Waylon,Dally,2174
1533,Mommy,Koschek,2175
1534,Gerianne,Havesides,2176
1535,Shell,Labrum,2177
1536,Rosalinde,Macy,2178
1537,Fields,Walisiak,2179
1538,Paddie,Titmuss,2180
1539,Jaquenetta,Shropshire,2181
1540,Henrietta,Maccaddie,2182
1541,Claire,Runge,2183
1542,Hinze,Amiranda,2184
1543,Merrilee,Boyle,2185
1544,Aleen,Harsum,2186
1545,Kit,Kuschke,2187
1546,Arte,Cunrado,2188
1547,Neda,Phettiplace,2189
1548,Kriste,Hlavac,2190
1549,Ciro,Elsie,2191
1550,Maryann,Crickmore,2192
1551,Phil,Heimann,2193
1552,Min,Busek,2194
1553,Deedee,Filchakov,2195
1554,Paulie,Ashforth,2196
1555,Jaquelyn,Chitty,2197
1556,Artur,Pairpoint,2198
1557,Joete,Gullefant,2199
1558,Cortney,Bromehead,2200
1559,Ansel,Criag,2201
1560,Maynard,Derell,2202
1561,Luce,McIllroy,2203
1562,Valerye,Rubi,2204
1563,Amargo,Gateman,2205
1564,Merola,Emlen,2206
1565,Lizette,Croley,2207
1566,Marlowe,Gherardini,2208
1567,Mikael,O'Dempsey,2209
1568,Ignacio,Dominichelli,2210
1569,Morgan,Marjanovic,2211
1570,Veronica,Tubby,2212
1571,Mikaela,Bright,2213
1572,Lorette,Billing,2214
1573,Nero,Morrall,2215
1574,Standford,Hearons,2216
1575,Genevra,Bouzan,2217
1576,Diane,Duxfield,2218
1577,Adrien,Shillito,2219
1578,Tabina,Gaitskill,2220
1579,Land,Kloska,2221
1580,Madalyn,Hargitt,2222
1581,Winne,Owlner,2223
1582,Kandace,Plevin,2224
1583,Aprilette,Halstead,2225
1584,Honor,Rickertsen,2226
1585,Ida,Wescott,2227
1586,Casey,Gummow,2228
1587,Shandee,Duthy,2229
1588,Danila,Redon,2230
1589,Clemmie,Howell,2231
1590,Timofei,Billo,2232
1591,Bianka,Montfort,2233
1592,Ingrid,Tasseler,2234
1593,Baron,Antonopoulos,2235
1594,Martha,Stegers,2236
1595,Devlen,Barthram,2237
1596,Florella,Filoniere,2238
1597,Ronda,Godilington,2239
1598,Hershel,Tatham,2240
1599,Jammie,Heffer,2241
1600,Cammi,Tincey,2242
1601,Jacky,Rawlinson,2243
1602,Patrice,Phythian,2244
1603,Edsel,Boyn,2245
1604,Rikki,Winward,2246
1605,Shaylynn,Haresnaip,2247
1606,Velvet,Fullbrook,2248
1607,Lulu,Zima,2249
1608,Shelby,Figin,2250
1609,Taddeo,Mapledoram,2251
1610,Marie-ann,Hansod,2252
1611,Gertrudis,Guare,2253
1612,Hiram,Morrison,2254
1613,Dicky,Bims,2255
1614,Fern,Van Der Vlies,2256
1615,Clark,Maplestone,2257
1616,Gaven,Siggins,2258
1617,Casandra,Foottit,2259
1618,Waylan,Dockray,2260
1619,Reynold,Linton,2261
1620,Roberto,Garbett,2262
1621,Val,Trathan,2263
1622,Alyss,Swede,2264
1623,Nikolas,Emmins,2265
1624,Nannie,Cunnington,2266
1625,Jillene,Columbell,2267
1626,Berni,Proschke,2268
1627,Ransell,Pietzke,2269
1628,Law,Garrard,2270
1629,Carine,Bensusan,2271
1630,Orin,Glenton,2272
1631,Tomkin,Baxster,2273
1632,Clayton,Pitsall,2274
1633,Hubert,Bargh,2275
1634,Miles,Graver,2276
1635,Saunderson,Giacopetti,2277
1636,Norean,Samsin,2278
1637,Arnaldo,Girodias,2279
1638,Elvina,Dy,2280
1639,Rachel,Parslow,2281
1640,Gabriel,Manuelli,2282
1641,Randolf,Lindemann,2283
1642,Kat,Minillo,2284
1643,Stephenie,Brigden,2285
1644,Neils,Anthona,2286
1645,Morissa,Defond,2287
1646,Jehanna,Sawyer,2288
1647,Thaine,Casserley,2289
1648,Shea,Dickon,2290
1649,Margaretha,Houltham,2291
1650,Juan,Eggleton,2292
1651,Gare,Kerner,2293
1652,Kristan,Zanetto,2294
1653,Alvinia,Lovering,2295
1654,Lettie,Spellicy,2296
1655,Reggie,Paulsen,2297
1656,Tiebout,Jerdein,2298
1657,Hagan,Pirrey,2299
1658,Osbourn,Borland,2300
1659,Kippy,Napoli,2301
1660,Crysta,Plaid,2302
1661,Cornell,Ruperto,2303
1662,Denyse,Andrzejewski,2304
1663,Neville,Konrad,2305
1664,Thia,Stepto,2306
1665,Ferdie,Hedworth,2307
1666,Blondell,Kleinplatz,2308
1667,Robb,Debold,2309
1668,Nataline,McGawn,2310
1669,Aymer,Wren,2311
1670,Cully,Richardt,2312
1671,Jackson,Billison,2313
1672,Aguie,Ahrenius,2314
1673,Maureene,Furze,2315
1674,Codie,Wiffen,2316
1675,Nita,Batchelour,2317
1676,Adele,Smoote,2318
1677,Lishe,Fearey,2319
1678,Viviana,Points,2320
1679,Angie,Ayrs,2321
1680,Jade,Fliege,2322
1681,Halie,Canon,2323
1682,Ferris,Gowthorpe,2324
1683,Venus,Krollman,2325
1684,Sanford,Galfour,2326
1685,Teodoor,Potteridge,2327
1686,Johnette,Gosnell,2328
1687,Elise,Jankiewicz,2329
1688,Marthena,Sarch,2330
1689,Samuele,Orriss,2331
1690,Tynan,Kelling,2332
1691,Westley,Durrell,2333
1692,Clementia,Krink,2334
1693,Edy,Shedd,2335
1694,Saloma,Guierre,2336
1695,Kenny,McGaugie,2337
1696,Clementina,Poppy,2338
1697,Gun,Clemente,2339
1698,Emalia,Bogges,2340
1699,Thaddeus,Phare,2341
1700,Kerianne,Cooke,2342
1701,Brooks,Burleigh,2343
1702,Josephina,Spurret,2344
1703,Jacky,Biles,2345
1704,Maurise,Bradley,2346
1705,Eirena,Slater,2347
1706,Letta,Sebert,2348
1707,Ronalda,Jude,2349
1708,Isak,Songest,2350
1709,Drucy,Blackly,2351
1710,Elwin,Malster,2352
1711,Francisca,Sedgebeer,2353
1712,Herta,Adamini,2354
1713,Jania,MacArte,2355
1714,Garold,Dron,2356
1715,Steffi,Luckin,2357
1716,Elisha,Jeffcoate,2358
1717,Jessica,Kruschev,2359
1718,Letizia,Yandle,2360
1719,Druci,Sneezem,2361
1720,Nathalie,Pattington,2362
1721,Timothea,Blincow,2363
1722,Stephannie,Arblaster,2364
1723,Taddeusz,Meijer,2365
1724,Grata,Brownlow,2366
1725,Lief,Kropp,2367
1726,Valencia,Note,2368
1727,Gris,Viggars,2369
1728,Perceval,Moloney,2370
1729,Georgina,Lemerie,2371
1730,Burty,Colquitt,2372
1731,Jessa,Bullingham,2373
1732,Cletus,Elletson,2374
1733,Shalom,Mully,2375
1734,Nerty,Vero,2376
1735,Rice,Ashbe,2377
1736,Roseann,Dable,2378
1737,Guglielmo,Bogges,2379
1738,Andrej,Baleine,2380
1739,Ethelda,Pizey,2381
1740,Drusie,Cauderlie,2382
1741,Inigo,Winscomb,2383
1742,Wallie,Rykert,2384
1743,Gus,Bygreaves,2385
1744,Osbourne,Drayson,2386
1745,Goraud,Sheber,2387
1746,Zola,Bartzen,2388
1747,Shurlock,Winney,2389
1748,Carena,McLukie,2390
1749,Mandi,Crossgrove,2391
1750,Laurens,Hannaway,2392
1751,Sinclair,Dimsdale,2393
1752,Margie,Gylle,2394
1753,Jasmina,Bigadike,2395
1754,Bee,Kilpin,2396
1755,Elicia,Helliwell,2397
1756,Cindie,Menichi,2398
1757,Starr,Fallis,2399
1758,Sammy,McCord,2400
1759,Brina,Watchorn,2401
1760,Chanda,Rosgen,2402
1761,Drucy,Rarity,2403
1762,Barry,Folliott,2404
1763,Cyndy,Ziemecki,2405
1764,Weylin,Merrett,2406
1765,Dmitri,Heater,2407
1766,Alexi,Meriton,2408
1767,Meaghan,Caslake,2409
1768,Buck,Boerder,2410
1769,Ron,Grafton,2411
1770,Kerstin,Johnikin,2412
1771,Livvyy,Janaszkiewicz,2413
1772,Urson,Kaes,2414
1773,Claybourne,Puleque,2415
1774,Mia,Lauxmann,2416
1775,Andriana,Rebert,2417
1776,Waylen,Applewhite,2418
1777,Hamel,Andreuzzi,2419
1778,Ardra,Powis,2420
1779,Gard,Tough,2421
1780,Kare,Dominka,2422
1781,Corbie,MacAlaster,2423
1782,Yoshi,Yakushkev,2424
1783,Creighton,Thurnham,2425
1784,Joceline,Davage,2426
1785,Boycie,Perri,2427
1786,Freeman,Roskams,2428
1787,Rutledge,Woodeson,2429
1788,Lesli,Tortoishell,2430
1789,Sigismund,Megahey,2431
1790,Susana,Oldall,2432
1791,Adelaide,Lillico,2433
1792,Heddi,Daniello,2434
1793,Moselle,Skypp,2435
1794,Ludovika,Karpushkin,2436
1795,Ava,Zanitti,2437
1796,Gino,Lissemore,2438
1797,Gustav,Strafford,2439
1798,Calv,Tomanek,2440
1799,Hy,Shinn,2441
1800,Daniele,Small,2442
1801,Shaina,Ellacombe,2443
1802,Monah,Raggitt,2444
1803,Clementine,De Miranda,2445
1804,Cheston,Fallon,2446
1805,Celine,Nadin,2447
1806,Britni,Lewnden,2448
1807,Nancee,Giacopazzi,2449
1808,Giulio,Treweek,2450
1809,Averill,Swaddle,2451
1810,Miguel,Bezarra,2452
1811,Case,Conor,2453
1812,Beryl,Fearby,2454
1813,Casandra,Darkott,2455
1814,Isobel,Lippo,2456
1815,Zebulen,Gellert,2457
1816,Brewster,Christoforou,2458
1817,Jewell,Greeve,2459
1818,Haze,Birtwistle,2460
1819,Benni,Jillard,2461
1820,Washington,New,2462
1821,Vyky,Winham,2463
1822,Loutitia,Caller,2464
1823,Ingrim,Leetham,2465
1824,Jeanne,Sichardt,2466
1825,Grantley,Coule,2467
1826,Lynette,Arnull,2468
1827,Shelley,Syres,2469
1828,Heda,Darrigrand,2470
1829,Abbi,Ishak,2471
1830,Sophie,Alexsandrev,2472
1831,Shurwood,Purple,2473
1832,Matias,Segge,2474
1833,Marketa,Cesaric,2475
1834,Frederik,Lottrington,2476
1835,Erhart,Shulver,2477
1836,Noelle,Beecheno,2478
1837,Aluino,Seeler,2479
1838,Maurita,Truran,2480
1839,Cammy,Trahar,2481
1840,Hertha,Quene,2482
1841,Mal,Braywood,2483
1842,Antonetta,China,2484
1843,Edgard,Maitland,2485
1844,Manfred,Dunsmore,2486
1845,Willetta,Shorrock,2487
1846,Saleem,Missington,2488
1847,Constanta,Guido,2489
1848,Vally,Balasin,2490
1849,Margi,Errichelli,2491
1850,Grete,McGriele,2492
1851,Inessa,Novkovic,2493
1852,Ivan,Livezley,2494
1853,Yardley,Mosley,2495
1854,Kennan,Pullan,2496
1855,Antonio,Thompstone,2497
1856,Cesya,Erley,2498
1857,Lizzy,Petrina,2499
1858,Della,Pellatt,2500
1859,Rorie,Iacavone,2501
1860,Gerry,Sweetman,2502
1861,Tiphani,Bumford,2503
1862,Shea,Wilgar,2504
1863,Josephine,Petranek,2505
1864,Gwenneth,Blything,2506
1865,Cullen,Tesauro,2507
1866,Georgy,Woolvin,2508
1867,Lynnet,Bissiker,2509
1868,Carol,Beswell,2510
1869,Allx,Abbet,2511
1870,Queenie,Skillington,2512
1871,Shayna,Chretien,2513
1872,Sher,Elnor,2514
1873,Jacinta,Johnsey,2515
1874,Dagny,Perren,2516
1875,Lurette,Pearsall,2517
1876,Babb,Matthessen,2518
1877,Moria,Sinfield,2519
1878,Agnese,Torbett,2520
1879,Devin,Ellerker,2521
1880,Jolie,Krauss,2522
1881,Thoma,Sargeaunt,2523
1882,Andra,Newlands,2524
1883,Jeddy,Pilmore,2525
1884,Lewiss,Gulliman,2526
1885,Steward,Barmby,2527
1886,Kary,Anfosso,2528
1887,Orbadiah,Coom,2529
1888,Roberto,Demicoli,2530
1889,Patrizia,Stanway,2531
1890,Cristine,Rego,2532
1891,Hastings,Attlee,2533
1892,Clay,Giorgione,2534
1893,Marmaduke,Michel,2535
1894,Guthry,Capsey,2536
1895,Lannie,Nutt,2537
1896,Rowen,Sinnott,2538
1897,Crista,Jumel,2539
1898,Marshal,Sicely,2540
1899,Orsa,Coneley,2541
1900,Elsbeth,Haysar,2542
1901,Cullin,Busswell,2543
1902,Tammy,Thurlborn,2544
1903,Elicia,Whetton,2545
1904,Rhianon,Wartnaby,2546
1905,Paula,Towersey,2547
1906,Taddeusz,O' Lone,2548
1907,Andre,Minister,2549
1908,Brande,Caldaro,2550
1909,Montague,Seabrook,2551
1910,Bellanca,Plank,2552
1911,Lilllie,Oldham,2553
1912,Jane,Goodricke,2554
1913,Barris,Amberger,2555
1914,Ranee,Dionsetti,2556
1915,Joachim,Morena,2557
1916,Bessie,Cregan,2558
1917,Pincus,Brameld,2559
1918,Janine,Dumingos,2560
1919,Riobard,O'Heaney,2561
1920,Ailina,Whyborne,2562
1921,Cord,Awty,2563
1922,Leone,MacAscaidh,2564
1923,Ariela,Dunridge,2565
1924,Nora,Rekes,2566
1925,Agathe,Thew,2567
1926,Obadiah,Bakey,2568
1927,Winnie,Sheer,2569
1928,Laryssa,MacRedmond,2570
1929,Pepito,Size,2571
1930,Siobhan,Scimonelli,2572
1931,Margalit,Sloey,2573
1932,Riki,Merrell,2574
1933,Inglis,Rucklidge,2575
1934,Joachim,Carnilian,2576
1935,Tamas,Antushev,2577
1936,Leda,Stanyon,2578
1937,Martynne,Aumerle,2579
1938,Cristin,Kane,2580
1939,Car,Creasy,2581
1940,Edyth,Mattiazzi,2582
1941,Ezri,Carolan,2583
1942,Lacy,Beldan,2584
1943,Tammy,O'Flaverty,2585
1944,Romola,Reston,2586
1945,Celia,Gavahan,2587
1946,Kittie,Longbone,2588
1947,Alane,Botham,2589
1948,Goldie,Balsdone,2590
1949,Ira,Dummer,2591
1950,Cybill,Recher,2592
1951,Cherey,Prebble,2593
1952,Kally,Chiverton,2594
1953,Basile,Beneze,2595
1954,Tull,Boteman,2596
1955,Nalani,Colliber,2597
1956,Egor,Sheering,2598
1957,Melamie,Stendell,2599
1958,Devi,Springtorpe,2600
1959,Culver,Blasl,2601
1960,Albertina,Manktelow,2602
1961,Hana,Robertacci,2603
1962,Kip,Bowdidge,2604
1963,Jarrett,McGinnis,2605
1964,Enid,McDill,2606
1965,Rex,Adamovitz,2607
1966,Trina,Guiraud,2608
1967,Omero,Cerman,2609
1968,Antonino,Marien,2610
1969,Ronda,Scandroot,2611
1970,Dru,Folini,2612
1971,Esma,Piens,2613
1972,Marga,Dunning,2614
1973,Lem,Chipp,2615
1974,Drucie,Malyj,2616
1975,Thebault,Beverage,2617
1976,Artus,Shone,2618
1977,Prinz,Assinder,2619
1978,Gisela,Ludlamme,2620
1979,Odele,Hutfield,2621
1980,Darwin,Byng,2622
1981,Dominique,Marages,2623
1982,Josephine,Wetheril,2624
1983,Sabine,Mundow,2625
1984,Rodi,Meekin,2626
1985,Verene,Dawidowicz,2627
1986,Junina,Cockerill,2628
1987,Tiphani,Swatheridge,2629
1988,Verna,Nickless,2630
1989,Saw,Serle,2631
1990,Carlos,Hembery,2632
1991,Jae,Gregon,2633
1992,Trudi,Hambelton,2634
1993,Markus,Giron,2635
1994,Kristofor,Venn,2636
1995,Liesa,Tather,2637
1996,Zachery,Rodman,2638
1997,Heddie,Porker,2639
1998,Lesya,Frend,2640
1999,Nolan,Rozenzweig,2641
2000,Lizbeth,Arno,2642
2001,Jeralee,Kippie,2643
2002,Niki,de Clerq,2644
2003,Faber,Fifoot,2645
2004,Jerrold,Leafe,2646
2005,Essy,Middlemist,2647
2006,Malina,Gwalter,2648
2007,Ivy,Zukerman,2649
2008,Yancey,Fauning,2650
2009,Janaye,Clearley,2651
2010,Chaim,Sjostrom,2652
2011,Etta,Aslam,2653
2012,Ethelbert,Hoffman,2654
2013,Luise,Frood,2655
2014,Kristan,Guyon,2656
2015,Martha,Hilling,2657
2016,Anestassia,Tackley,2658
2017,Tami,Stathor,2659
2018,Fanny,Kerrey,2660
2019,Barbara-anne,McArte,2661
2020,Madalyn,Gantley,2662
2021,Dayle,Rentcome,2663
2022,Adaline,Spratley,2664
2023,Nathaniel,Danels,2665
2024,Frederico,Clapson,2666
2025,Crichton,Beardon,2667
2026,Jolynn,Rabbage,2668
2027,Teodoro,Wetherald,2669
2028,Laverne,Gonoude,2670
2029,Anette,Enderson,2671
2030,Jillian,Petry,2672
2031,Nessa,Fazzioli,2673
2032,Michel,Grent,2674
2033,Gussi,Wychard,2675
2034,Chadwick,McAllister,2676
2035,Idell,Crowder,2677
2036,Camella,Moynham,2678
2037,Carolyn,Geaveny,2679
2038,Shaun,Kuhne,2680
2039,Kyrstin,Willstrop,2681
2040,Gearalt,Clayworth,2682
2041,Viv,Watkiss,2683
2042,Klarrisa,Fattori,2684
2043,Adiana,Leete,2685
2044,Trumaine,Revington,2686
2045,Cully,Morde,2687
2046,Isak,Franciottoi,2688
2047,Kellie,Jesteco,2689
2048,Maximo,Swinford,2690
2049,Wilbert,Munkley,2691
2050,Brandi,Noirel,2692
2051,Bessie,Foottit,2693
2052,Carlynne,Wintringham,2694
2053,Pyotr,Gravell,2695
2054,Kirbie,Mobley,2696
2055,Susette,Pyford,2697
2056,Rozelle,Morey,2698
2057,Gregory,Gapper,2699
2058,Ellissa,Pallesen,2700
2059,Lorrin,McCaffrey,2701
2060,Raynard,Bungey,2702
2061,Dione,Karppi,2703
2062,Randolf,Tunney,2704
2063,L;urette,Flanagan,2705
2064,Alisa,Yarnton,2706
2065,Kaja,Pirolini,2707
2066,Jeremiah,Orsman,2708
2067,Derward,Yablsley,2709
2068,Rodi,Baitman,2710
2069,Eldredge,Hembry,2711
2070,Max,Donn,2712
2071,Maria,Ramel,2713
2072,Vannie,Le Merchant,2714
2073,Godard,Gowans,2715
2074,Tess,Scottesmoor,2716
2075,Nero,McEntagart,2717
2076,Estrellita,Fenkel,2718
2077,August,Rhoades,2719
2078,Mohammed,Woods,2720
2079,Keary,Le Huquet,2721
2080,Catina,Veck,2722
2081,Auberta,Boyce,2723
2082,Karee,Kaas,2724
2083,Carroll,Donne,2725
2084,Horten,Duferie,2726
2085,Troy,Richichi,2727
2086,Sigvard,Wickey,2728
2087,Bettye,Tapsell,2729
2088,Trudy,St. Ledger,2730
2089,Lyndsay,Kesten,2731
2090,Madelene,MacMeeking,2732
2091,Victoria,Cracknall,2733
2092,Clarisse,Ledstone,2734
2093,Tristan,Ianson,2735
2094,Rocky,Mewrcik,2736
2095,Quint,Aronson,2737
2096,Lina,Lathan,2738
2097,Blinny,Gadault,2739
2098,Devon,Iban,2740
2099,Mickey,Pepis,2741
2100,Ahmed,Millership,2742
2101,Jori,McKeating,2743
2102,Clemente,Kingzeth,2744
2103,Bernie,Basek,2745
2104,Wilek,Powelee,2746
2105,Lee,Andover,2747
2106,Frederick,Reeders,2748
2107,Lorrayne,Snel,2749
2108,Jewell,Kroll,2750
2109,Hartwell,Vaughten,2751
2110,Talbert,Brade,2752
2111,Jasun,Reding,2753
2112,Karie,Closs,2754
2113,Jackie,Gavigan,2755
2114,Henry,Smitheram,2756
2115,Sharl,Batho,2757
2116,Paulie,Nano,2758
2117,Packston,Huffy,2759
2118,Christye,Fettes,2760
2119,Hester,Hewertson,2761
2120,Mary,Hayter,2762
2121,Kimbell,Barlow,2763
2122,Cedric,Oleksinski,2764
2123,Rori,Dragonette,2765
2124,Dion,Leven,2766
2125,Giff,MacKill,2767
2126,Mab,Lomax,2768
2127,Berkly,Queenborough,2769
2128,Wendall,Arpin,2770
2129,Dannye,Taillant,2771
2130,Sarge,Shilston,2772
2131,Ebba,Cutler,2773
2132,Dav,Matyasik,2774
2133,Lorrin,Laffoley-Lane,2775
2134,Rebeka,Blaylock,2776
2135,Wandie,Bretelle,2777
2136,Seka,Lammerich,2778
2137,Jo-ann,Knibley,2779
2138,Hyacinth,Tomik,2780
2139,Reamonn,Mountlow,2781
2140,Alexio,Neising,2782
2141,Elvera,Scroyton,2783
2142,Melesa,Peddar,2784
2143,Betteann,Antoniou,2785
2144,Kerri,Peddel,2786
2145,Alford,Streight,2787
2146,Arlina,Rabl,2788
2147,Vincents,Summerson,2789
2148,Elmira,Dod,2790
2149,Matthaeus,Regelous,2791
2150,Heddie,Colclough,2792
2151,Luigi,Hariot,2793
2152,Wilone,MacKill,2794
2153,Shela,Paulsson,2795
2154,Bennie,Maruszewski,2796
2155,Silva,Ruffy,2797
2156,Dante,Scudamore,2798
2157,Alexi,Norwich,2799
2158,Wilmette,Menghi,2800
2159,Karel,Theodoris,2801
2160,Cory,Drawmer,2802
2161,Sheila,Dixsee,2803
2162,Clayson,Gilchriest,2804
2163,Prisca,Beaton,2805
2164,Denys,Dixsee,2806
2165,Luisa,Shinton,2807
2166,Quentin,Tradewell,2808
2167,Haze,MacCourt,2809
2168,Tildi,Morant,2810
2169,Lynnet,Philp,2811
2170,Petronella,Peggrem,2812
2171,Correy,Gabriely,2813
2172,Wiley,Haack,2814
2173,Jeannie,Spilsted,2815
2174,Britte,Olin,2816
2175,Reg,Donalson,2817
2176,Joey,Bracer,2818
2177,Yanaton,Gresty,2819
2178,Britt,Oldacres,2820
2179,Stafani,Mountney,2821
2180,Farrell,Fahey,2822
2181,Clement,Ballston,2823
2182,Melisent,Evensden,2824
2183,Alisander,Drewes,2825
2184,Andrea,Kuhnke,2826
2185,Thelma,Grieswood,2827
2186,Rosella,Mont,2828
2187,Lamond,Matusov,2829
2188,Lammond,Tillyer,2830
2189,Tye,Stanlack,2831
2190,Iolanthe,Bollam,2832
2191,Kristi,Hagart,2833
2192,Sayers,Flindall,2834
2193,Emmalyn,Harrow,2835
2194,Keith,Orpwood,2836
2195,Saleem,Verillo,2837
2196,Minne,Wintringham,2838
2197,Marty,Possell,2839
2198,Rachel,Skipton,2840
2199,Sherill,Maxwaile,2841
2200,Roxine,Jochen,2842
2201,Evangelia,Adkin,2843
2202,Liva,Kenforth,2844
2203,Bartolemo,Franceschi,2845
2204,Jodie,Bartolini,2846
2205,Daria,Lago,2847
2206,Sophia,Danneil,2848
2207,Valeda,Mee,2849
2208,Uriah,Applewhite,2850
2209,Cobb,Sturridge,2851
2210,Joelie,Joseff,2852
2211,Lindsey,Casa,2853
2212,Ellswerth,Duck,2854
2213,Derward,Josupeit,2855
2214,Darwin,Calcutt,2856
2215,Ainslie,Jurges,2857
2216,Ruddie,Farnall,2858
2217,Padriac,Hamberstone,2859
2218,Amitie,Lowbridge,2860
2219,Robers,Flannigan,2861
2220,Matthieu,Brevetor,2862
2221,Melody,Arnholdt,2863
2222,Christy,Ritchard,2864
2223,Chet,Andrat,2865
2224,Kellie,Dodshon,2866
2225,Faye,Stanning,2867
2226,Raffarty,Hamly,2868
2227,Son,Cattemull,2869
2228,Nadine,Heady,2870
2229,Hadrian,Westoff,2871
2230,Fenelia,Landsborough,2872
2231,Sissy,Evett,2873
2232,Giacinta,Mc Harg,2874
2233,Alessandro,Leavy,2875
2234,Marja,Pittem,2876
2235,Maggy,Youll,2877
2236,Conrad,Dunhill,2878
2237,Orren,VanBrugh,2879
2238,Bryant,Stych,2880
2239,Willamina,Graal,2881
2240,Trey,McGeachey,2882
2241,Allyce,Buckney,2883
2242,Patricia,Anthonies,2884
2243,Ely,Mallinder,2885
2244,Orsola,Guillard,2886
2245,Emanuele,Poundsford,2887
2246,Roby,Duran,2888
2247,Joye,Sammes,2889
2248,Garvin,Eastby,2890
2249,Inga,Isaak,2891
2250,Ketty,Dockwra,2892
2251,Brana,Pogue,2893
2252,Mason,Hawthorne,2894
2253,Meara,Dengel,2895
2254,Danell,Gai,2896
2255,Therine,Pedlingham,2897
2256,Tulley,Steutly,2898
2257,Anson,Schnitter,2899
2258,Monika,Cornilleau,2900
2259,Allin,Maulden,2901
2260,Alessandra,Grewes,2902
2261,Erinn,Desantis,2903
2262,Alanson,Aslen,2904
2263,Arther,Petry,2905
2264,Hirsch,Kingsbury,2906
2265,Maye,Gregoli,2907
2266,Sada,Rany,2908
2267,Gothart,Nashe,2909
2268,Aleda,Loseby,2910
2269,Marybeth,Bradman,2911
2270,Jeniece,Goldsmith,2912
2271,Pincas,Westhoff,2913
2272,Fidelia,Luckes,2914
2273,Gothart,Crumley,2915
2274,Millard,Mosen,2916
2275,Giuseppe,Endacott,2917
2276,Toma,Dimmne,2918
2277,Cloe,Norgate,2919
2278,Kaia,Antonsen,2920
2279,Lenka,Crocker,2921
2280,Prentiss,Cleminson,2922
2281,Letizia,Haysham,2923
2282,Harley,Triplow,2924
2283,Delila,Kidby,2925
2284,Bernadine,Churchyard,2926
2285,Virgie,Reeme,2927
2286,Paolo,Calow,2928
2287,Nickie,Fairchild,2929
2288,Desmund,Crane,2930
2289,Leena,Winspire,2931
2290,Alisun,Manser,2932
2291,Orv,Mattiacci,2933
2292,Harli,Tansley,2934
2293,Lari,Bragg,2935
2294,Iolanthe,Seville,2936
2295,Arlyn,Stoggell,2937
2296,Isacco,Sambath,2938
2297,Derrek,Pepper,2939
2298,Teresina,Zanni,2940
2299,Pepe,Barz,2941
2300,Salim,Soule,2942
2301,Jaimie,Hinkens,2943
2302,Trixie,Pudney,2944
2303,Tad,Imbrey,2945
2304,Noemi,Feltoe,2946
2305,Laverna,Badrick,2947
2306,Jodi,Bertot,2948
2307,Devin,Holliar,2949
2308,Base,Faint,2950
2309,Erik,Bentke,2951
2310,Milli,McCrann,2952
2311,Venus,Labitt,2953
2312,Udell,Bawcock,2954
2313,Rich,Wale,2955
2314,Zacharie,Swindin,2956
2315,Weylin,Powdrill,2957
2316,Dido,Emeny,2958
2317,Brody,Dyte,2959
2318,Pip,Colnett,2960
2319,Geri,Mattiazzo,2961
2320,Fannie,Millican,2962
2321,Benn,Haken,2963
2322,Munroe,Santarelli,2964
2323,Caralie,Klee,2965
2324,Shayne,Slobom,2966
2325,Enoch,Mannooch,2967
2326,Giff,Kelner,2968
2327,Whitney,Erat,2969
2328,Marcela,Dorset,2970
2329,Tam,Gerold,2971
2330,Honey,Linskill,2972
2331,Janos,Tunuy,2973
2332,Brandie,Blum,2974
2333,Deonne,Duplan,2975
2334,Jsandye,Carthy,2976
2335,Mira,Dowsett,2977
2336,Tomas,Huxham,2978
2337,Kerk,Barneville,2979
2338,Emmalee,Jewkes,2980
2339,Wilma,Posselt,2981
2340,Johny,Dorney,2982
2341,Wren,Langelay,2983
2342,Afton,Uttley,2984
2343,Celisse,Besant,2985
2344,Rosella,Rosas,2986
2345,Thurstan,Swarbrigg,2987
2346,Page,Ginger,2988
2347,Alexina,Tubritt,2989
2348,Tallie,Skowcraft,2990
2349,Berry,Spelsbury,2991
2350,Gilbert,Smeal,2992
2351,Kendall,McIlvoray,2993
2352,Shalom,Churchouse,2994
2353,Kissee,Nicely,2995
2354,Jarrad,Emerine,2996
2355,Burnaby,Goggins,2997
2356,Lissie,Tregona,2998
2357,Rorie,Pickrell,2999
2358,Sydney,Crosse,3000
